,m,n,snr,snr2,p,nsspecfit_slope,nsspecfit_intercept,nsspecfit_r2
0,100,500,2.000000,1.500000,0.100000,3.457307,-3.498256,0.995848
1,100,500,2.000000,1.500000,0.150000,2.838540,-2.632724,0.996981
2,100,500,2.000000,1.500000,0.200000,2.464294,-2.105611,0.997621
3,100,500,2.000000,1.500000,0.250000,2.190550,-1.726755,0.998027
4,100,500,2.000000,1.500000,0.300000,1.977026,-1.437900,0.997813
5,100,500,2.000000,1.500000,0.350000,1.834446,-1.241085,0.997766
6,100,500,2.000000,1.500000,0.400000,1.710287,-1.068056,0.997882
7,100,500,2.000000,1.500000,0.450000,1.582102,-0.897693,0.997397
8,100,500,2.000000,1.500000,0.500000,1.518741,-0.799139,0.995961
9,100,500,2.000000,1.500000,0.550000,1.436949,-0.684045,0.993169
10,100,500,2.000000,1.500000,0.600000,1.365864,-0.577768,0.992349
11,100,500,2.000000,1.500000,0.650000,1.314165,-0.495478,0.988481
12,100,500,2.000000,1.500000,0.700000,1.268196,-0.419760,0.986710
13,100,500,2.000000,1.500000,0.750000,1.227553,-0.348784,0.985625
14,100,500,2.000000,1.500000,0.800000,1.181337,-0.273459,0.981772
15,100,500,2.000000,1.500000,0.850000,1.145517,-0.210774,0.978116
16,100,500,2.000000,1.500000,0.900000,1.115216,-0.154099,0.974041
17,100,500,2.000000,1.500000,0.950000,1.085896,-0.097691,0.966545
18,100,500,2.000000,1.500000,1.000000,1.060840,-0.047544,0.965284
19,100,500,3.000000,2.000000,0.100000,3.605330,-3.665330,0.994380
20,100,500,3.000000,2.000000,0.150000,2.918163,-2.711653,0.996252
21,100,500,3.000000,2.000000,0.200000,2.525789,-2.162967,0.996422
22,100,500,3.000000,2.000000,0.250000,2.250150,-1.787841,0.995173
23,100,500,3.000000,2.000000,0.300000,2.040342,-1.496577,0.993070
24,100,500,3.000000,2.000000,0.350000,1.889617,-1.291786,0.988498
25,100,500,3.000000,2.000000,0.400000,1.737603,-1.090653,0.986863
26,100,500,3.000000,2.000000,0.450000,1.631824,-0.942712,0.984245
27,100,500,3.000000,2.000000,0.500000,1.534590,-0.809241,0.977249
28,100,500,3.000000,2.000000,0.550000,1.471964,-0.712329,0.968390
29,100,500,3.000000,2.000000,0.600000,1.391603,-0.599676,0.963941
30,100,500,3.000000,2.000000,0.650000,1.336239,-0.512733,0.957708
31,100,500,3.000000,2.000000,0.700000,1.296166,-0.439962,0.943768
32,100,500,3.000000,2.000000,0.750000,1.255046,-0.370396,0.937806
33,100,500,3.000000,2.000000,0.800000,1.216155,-0.302325,0.934952
34,100,500,3.000000,2.000000,0.850000,1.184193,-0.244023,0.917412
35,100,500,3.000000,2.000000,0.900000,1.146188,-0.178104,0.914437
36,100,500,3.000000,2.000000,0.950000,1.122662,-0.129351,0.902951
37,100,500,3.000000,2.000000,1.000000,1.095404,-0.076522,0.891575
38,100,500,4.000000,2.500000,0.100000,3.768654,-3.840651,0.995319
39,100,500,4.000000,2.500000,0.150000,2.995338,-2.786451,0.993654
40,100,500,4.000000,2.500000,0.200000,2.577751,-2.216285,0.988000
41,100,500,4.000000,2.500000,0.250000,2.306618,-1.843240,0.983182
42,100,500,4.000000,2.500000,0.300000,2.091339,-1.548018,0.976242
43,100,500,4.000000,2.500000,0.350000,1.920630,-1.317906,0.969995
44,100,500,4.000000,2.500000,0.400000,1.787839,-1.135302,0.964348
45,100,500,4.000000,2.500000,0.450000,1.671601,-0.979087,0.954984
46,100,500,4.000000,2.500000,0.500000,1.575250,-0.845383,0.945989
47,100,500,4.000000,2.500000,0.550000,1.506229,-0.740204,0.929259
48,100,500,4.000000,2.500000,0.600000,1.441250,-0.644132,0.916190
49,100,500,4.000000,2.500000,0.650000,1.378805,-0.550405,0.899462
50,100,500,4.000000,2.500000,0.700000,1.337657,-0.475563,0.881521
51,100,500,4.000000,2.500000,0.750000,1.289459,-0.399912,0.873779
52,100,500,4.000000,2.500000,0.800000,1.248486,-0.332039,0.856398
53,100,500,4.000000,2.500000,0.850000,1.217423,-0.271175,0.845421
54,100,500,4.000000,2.500000,0.900000,1.192788,-0.219871,0.825936
55,100,500,4.000000,2.500000,0.950000,1.157480,-0.158402,0.814501
56,100,500,4.000000,2.500000,1.000000,1.137229,-0.112290,0.801474
57,100,500,5.000000,3.000000,0.100000,3.825115,-3.903886,0.991727
58,100,500,5.000000,3.000000,0.150000,3.160562,-2.971456,0.982785
59,100,500,5.000000,3.000000,0.200000,2.655971,-2.299226,0.975594
60,100,500,5.000000,3.000000,0.250000,2.398587,-1.934996,0.963868
61,100,500,5.000000,3.000000,0.300000,2.162094,-1.615881,0.942052
62,100,500,5.000000,3.000000,0.350000,1.995553,-1.387871,0.930149
63,100,500,5.000000,3.000000,0.400000,1.828542,-1.170240,0.919860
64,100,500,5.000000,3.000000,0.450000,1.703461,-1.004026,0.910045
65,100,500,5.000000,3.000000,0.500000,1.612658,-0.876084,0.888305
66,100,500,5.000000,3.000000,0.550000,1.546167,-0.773373,0.861443
67,100,500,5.000000,3.000000,0.600000,1.483845,-0.678130,0.840908
68,100,500,5.000000,3.000000,0.650000,1.425161,-0.589962,0.824656
69,100,500,5.000000,3.000000,0.700000,1.381430,-0.516166,0.808813
70,100,500,5.000000,3.000000,0.750000,1.335674,-0.439521,0.784835
71,100,500,5.000000,3.000000,0.800000,1.300004,-0.375936,0.772257
72,100,500,5.000000,3.000000,0.850000,1.265956,-0.314329,0.754092
73,100,500,5.000000,3.000000,0.900000,1.227980,-0.250545,0.734159
74,100,500,5.000000,3.000000,0.950000,1.202229,-0.197107,0.720258
75,100,500,5.000000,3.000000,1.000000,1.175188,-0.144940,0.706924
76,100,500,6.000000,3.500000,0.100000,3.998422,-4.088312,0.985270
77,100,500,6.000000,3.500000,0.150000,3.298196,-3.115389,0.962259
78,100,500,6.000000,3.500000,0.200000,2.757147,-2.405386,0.931618
79,100,500,6.000000,3.500000,0.250000,2.480766,-2.016228,0.917295
80,100,500,6.000000,3.500000,0.300000,2.207949,-1.657274,0.904252
81,100,500,6.000000,3.500000,0.350000,2.004318,-1.391293,0.882209
82,100,500,6.000000,3.500000,0.400000,1.868216,-1.204124,0.868848
83,100,500,6.000000,3.500000,0.450000,1.742170,-1.040164,0.849320
84,100,500,6.000000,3.500000,0.500000,1.655662,-0.912714,0.826923
85,100,500,6.000000,3.500000,0.550000,1.584461,-0.810541,0.801622
86,100,500,6.000000,3.500000,0.600000,1.514515,-0.704207,0.771025
87,100,500,6.000000,3.500000,0.650000,1.463583,-0.624210,0.747793
88,100,500,6.000000,3.500000,0.700000,1.408984,-0.536904,0.720760
89,100,500,6.000000,3.500000,0.750000,1.377920,-0.475807,0.716722
90,100,500,6.000000,3.500000,0.800000,1.332118,-0.401910,0.679065
91,100,500,6.000000,3.500000,0.850000,1.305278,-0.347850,0.668845
92,100,500,6.000000,3.500000,0.900000,1.271637,-0.285813,0.634573
93,100,500,6.000000,3.500000,0.950000,1.245727,-0.235043,0.630094
94,100,500,6.000000,3.500000,1.000000,1.222039,-0.185353,0.611401
95,100,500,7.000000,4.000000,0.100000,4.136391,-4.253205,0.971577
96,100,500,7.000000,4.000000,0.150000,3.338531,-3.158535,0.928619
97,100,500,7.000000,4.000000,0.200000,2.859844,-2.503212,0.893188
98,100,500,7.000000,4.000000,0.250000,2.482059,-2.013470,0.872801
99,100,500,7.000000,4.000000,0.300000,2.264321,-1.707366,0.833747
100,100,500,7.000000,4.000000,0.350000,2.073983,-1.456875,0.819034
101,100,500,7.000000,4.000000,0.400000,1.913884,-1.244333,0.807656
102,100,500,7.000000,4.000000,0.450000,1.792120,-1.080245,0.784241
103,100,500,7.000000,4.000000,0.500000,1.698780,-0.950623,0.752038
104,100,500,7.000000,4.000000,0.550000,1.630604,-0.847645,0.730768
105,100,500,7.000000,4.000000,0.600000,1.562035,-0.746657,0.700926
106,100,500,7.000000,4.000000,0.650000,1.509884,-0.663163,0.675422
107,100,500,7.000000,4.000000,0.700000,1.451909,-0.573655,0.652743
108,100,500,7.000000,4.000000,0.750000,1.412922,-0.506136,0.625584
109,100,500,7.000000,4.000000,0.800000,1.382149,-0.445700,0.608064
110,100,500,7.000000,4.000000,0.850000,1.348149,-0.383680,0.578940
111,100,500,7.000000,4.000000,0.900000,1.312874,-0.323115,0.560383
112,100,500,7.000000,4.000000,0.950000,1.289601,-0.272264,0.546099
113,100,500,7.000000,4.000000,1.000000,1.264634,-0.221561,0.526308
114,100,500,8.000000,4.500000,0.100000,4.299373,-4.428656,0.949011
115,100,500,8.000000,4.500000,0.150000,3.500513,-3.332415,0.882086
116,100,500,8.000000,4.500000,0.200000,2.931107,-2.579346,0.835251
117,100,500,8.000000,4.500000,0.250000,2.582740,-2.111243,0.808712
118,100,500,8.000000,4.500000,0.300000,2.314411,-1.756591,0.793393
119,100,500,8.000000,4.500000,0.350000,2.142110,-1.519816,0.762618
120,100,500,8.000000,4.500000,0.400000,1.959596,-1.283252,0.743444
121,100,500,8.000000,4.500000,0.450000,1.854528,-1.137254,0.721175
122,100,500,8.000000,4.500000,0.500000,1.755411,-1.001172,0.689305
123,100,500,8.000000,4.500000,0.550000,1.671555,-0.884771,0.664870
124,100,500,8.000000,4.500000,0.600000,1.604714,-0.781990,0.631060
125,100,500,8.000000,4.500000,0.650000,1.550039,-0.694965,0.607055
126,100,500,8.000000,4.500000,0.700000,1.499060,-0.615059,0.576506
127,100,500,8.000000,4.500000,0.750000,1.455239,-0.542858,0.556261
128,100,500,8.000000,4.500000,0.800000,1.429005,-0.486062,0.537002
129,100,500,8.000000,4.500000,0.850000,1.387633,-0.417606,0.514229
130,100,500,8.000000,4.500000,0.900000,1.360862,-0.364251,0.497414
131,100,500,8.000000,4.500000,0.950000,1.330903,-0.307272,0.475420
132,100,500,8.000000,4.500000,1.000000,1.305680,-0.256467,0.460994
133,100,500,9.000000,5.000000,0.100000,4.537503,-4.703009,0.923195
134,100,500,9.000000,5.000000,0.150000,3.632304,-3.477376,0.826482
135,100,500,9.000000,5.000000,0.200000,3.024332,-2.677978,0.786229
136,100,500,9.000000,5.000000,0.250000,2.668036,-2.201563,0.743262
137,100,500,9.000000,5.000000,0.300000,2.381369,-1.821147,0.718816
138,100,500,9.000000,5.000000,0.350000,2.187429,-1.566028,0.714123
139,100,500,9.000000,5.000000,0.400000,2.023496,-1.342876,0.683621
140,100,500,9.000000,5.000000,0.450000,1.882174,-1.158415,0.669457
141,100,500,9.000000,5.000000,0.500000,1.782848,-1.022052,0.633081
142,100,500,9.000000,5.000000,0.550000,1.715489,-0.919900,0.598114
143,100,500,9.000000,5.000000,0.600000,1.647279,-0.821765,0.568075
144,100,500,9.000000,5.000000,0.650000,1.602659,-0.743773,0.538936
145,100,500,9.000000,5.000000,0.700000,1.542076,-0.651345,0.511444
146,100,500,9.000000,5.000000,0.750000,1.500321,-0.580871,0.497871
147,100,500,9.000000,5.000000,0.800000,1.461385,-0.512672,0.474282
148,100,500,9.000000,5.000000,0.850000,1.427419,-0.451307,0.451242
149,100,500,9.000000,5.000000,0.900000,1.401272,-0.397634,0.438759
150,100,500,9.000000,5.000000,0.950000,1.371333,-0.342964,0.423190
151,100,500,9.000000,5.000000,1.000000,1.343665,-0.288515,0.413140
152,100,500,10.000000,5.500000,0.100000,4.656121,-4.845570,0.860432
153,100,500,10.000000,5.500000,0.150000,3.735856,-3.597065,0.783897
154,100,500,10.000000,5.500000,0.200000,3.152666,-2.813084,0.717726
155,100,500,10.000000,5.500000,0.250000,2.756347,-2.287678,0.684244
156,100,500,10.000000,5.500000,0.300000,2.445716,-1.882368,0.661787
157,100,500,10.000000,5.500000,0.350000,2.232095,-1.600652,0.650316
158,100,500,10.000000,5.500000,0.400000,2.071494,-1.383784,0.618239
159,100,500,10.000000,5.500000,0.450000,1.924474,-1.194118,0.607073
160,100,500,10.000000,5.500000,0.500000,1.830873,-1.062377,0.568857
161,100,500,10.000000,5.500000,0.550000,1.746496,-0.943378,0.535663
162,100,500,10.000000,5.500000,0.600000,1.697721,-0.863484,0.515481
163,100,500,10.000000,5.500000,0.650000,1.638420,-0.771448,0.486754
164,100,500,10.000000,5.500000,0.700000,1.574155,-0.679240,0.465904
165,100,500,10.000000,5.500000,0.750000,1.549172,-0.621583,0.443203
166,100,500,10.000000,5.500000,0.800000,1.506898,-0.551435,0.424672
167,100,500,10.000000,5.500000,0.850000,1.475377,-0.491740,0.408051
168,100,500,10.000000,5.500000,0.900000,1.438312,-0.428592,0.391862
169,100,500,10.000000,5.500000,0.950000,1.423463,-0.387632,0.379586
170,100,500,10.000000,5.500000,1.000000,1.386748,-0.325539,0.369192
171,100,500,11.000000,6.000000,0.100000,4.884714,-5.080110,0.810631
172,100,500,11.000000,6.000000,0.150000,3.846864,-3.711180,0.737772
173,100,500,11.000000,6.000000,0.200000,3.240829,-2.898971,0.664390
174,100,500,11.000000,6.000000,0.250000,2.849729,-2.382380,0.637798
175,100,500,11.000000,6.000000,0.300000,2.508806,-1.941540,0.617982
176,100,500,11.000000,6.000000,0.350000,2.301950,-1.667777,0.592616
177,100,500,11.000000,6.000000,0.400000,2.102629,-1.413029,0.574208
178,100,500,11.000000,6.000000,0.450000,1.964359,-1.227128,0.564450
179,100,500,11.000000,6.000000,0.500000,1.862913,-1.091799,0.522750
180,100,500,11.000000,6.000000,0.550000,1.797901,-0.993551,0.497053
181,100,500,11.000000,6.000000,0.600000,1.734806,-0.893321,0.462534
182,100,500,11.000000,6.000000,0.650000,1.674624,-0.800646,0.438356
183,100,500,11.000000,6.000000,0.700000,1.629572,-0.727175,0.419627
184,100,500,11.000000,6.000000,0.750000,1.591318,-0.658607,0.394318
185,100,500,11.000000,6.000000,0.800000,1.565696,-0.603960,0.384071
186,100,500,11.000000,6.000000,0.850000,1.521257,-0.531770,0.368219
187,100,500,11.000000,6.000000,0.900000,1.486833,-0.470879,0.351217
188,100,500,11.000000,6.000000,0.950000,1.456730,-0.415229,0.344514
189,100,500,11.000000,6.000000,1.000000,1.435233,-0.368602,0.335084
190,200,500,2.000000,1.500000,0.100000,3.499081,-3.891883,0.997739
191,200,500,2.000000,1.500000,0.150000,2.849048,-2.880383,0.998532
192,200,500,2.000000,1.500000,0.200000,2.446288,-2.254434,0.998962
193,200,500,2.000000,1.500000,0.250000,2.179132,-1.837428,0.999152
194,200,500,2.000000,1.500000,0.300000,1.995111,-1.547604,0.999179
195,200,500,2.000000,1.500000,0.350000,1.835336,-1.303905,0.999259
196,200,500,2.000000,1.500000,0.400000,1.705658,-1.104131,0.999343
197,200,500,2.000000,1.500000,0.450000,1.603931,-0.946252,0.999374
198,200,500,2.000000,1.500000,0.500000,1.516662,-0.812194,0.999370
199,200,500,2.000000,1.500000,0.550000,1.431620,-0.685637,0.999157
200,200,500,2.000000,1.500000,0.600000,1.364073,-0.582741,0.998976
201,200,500,2.000000,1.500000,0.650000,1.302576,-0.487779,0.998694
202,200,500,2.000000,1.500000,0.700000,1.244469,-0.400335,0.998609
203,200,500,2.000000,1.500000,0.750000,1.196391,-0.323469,0.997914
204,200,500,2.000000,1.500000,0.800000,1.154006,-0.251727,0.997451
205,200,500,2.000000,1.500000,0.850000,1.117513,-0.187724,0.996295
206,200,500,2.000000,1.500000,0.900000,1.081750,-0.125530,0.996371
207,200,500,2.000000,1.500000,0.950000,1.051292,-0.069140,0.995132
208,200,500,2.000000,1.500000,1.000000,1.021664,-0.014336,0.994414
209,200,500,3.000000,2.000000,0.100000,3.512558,-3.897038,0.997885
210,200,500,3.000000,2.000000,0.150000,2.891420,-2.921276,0.998170
211,200,500,3.000000,2.000000,0.200000,2.479350,-2.289134,0.998608
212,200,500,3.000000,2.000000,0.250000,2.235665,-1.900816,0.998789
213,200,500,3.000000,2.000000,0.300000,2.010373,-1.560714,0.997994
214,200,500,3.000000,2.000000,0.350000,1.855891,-1.321781,0.998349
215,200,500,3.000000,2.000000,0.400000,1.726843,-1.125446,0.997583
216,200,500,3.000000,2.000000,0.450000,1.630088,-0.971262,0.997011
217,200,500,3.000000,2.000000,0.500000,1.522221,-0.813964,0.995723
218,200,500,3.000000,2.000000,0.550000,1.446662,-0.696806,0.995537
219,200,500,3.000000,2.000000,0.600000,1.377572,-0.591755,0.993788
220,200,500,3.000000,2.000000,0.650000,1.315364,-0.498785,0.993356
221,200,500,3.000000,2.000000,0.700000,1.262117,-0.414102,0.990065
222,200,500,3.000000,2.000000,0.750000,1.209884,-0.332700,0.988564
223,200,500,3.000000,2.000000,0.800000,1.166095,-0.260693,0.986842
224,200,500,3.000000,2.000000,0.850000,1.129692,-0.196934,0.984154
225,200,500,3.000000,2.000000,0.900000,1.095210,-0.135658,0.981419
226,200,500,3.000000,2.000000,0.950000,1.063397,-0.078735,0.980143
227,200,500,3.000000,2.000000,1.000000,1.034840,-0.024436,0.975917
228,200,500,4.000000,2.500000,0.100000,3.562027,-3.960225,0.997500
229,200,500,4.000000,2.500000,0.150000,2.933959,-2.970870,0.997749
230,200,500,4.000000,2.500000,0.200000,2.523148,-2.336557,0.997384
231,200,500,4.000000,2.500000,0.250000,2.257754,-1.921560,0.996200
232,200,500,4.000000,2.500000,0.300000,2.035189,-1.587441,0.994816
233,200,500,4.000000,2.500000,0.350000,1.890723,-1.356833,0.991562
234,200,500,4.000000,2.500000,0.400000,1.742307,-1.138705,0.991106
235,200,500,4.000000,2.500000,0.450000,1.650700,-0.989348,0.988369
236,200,500,4.000000,2.500000,0.500000,1.550638,-0.839398,0.985673
237,200,500,4.000000,2.500000,0.550000,1.468445,-0.718171,0.983858
238,200,500,4.000000,2.500000,0.600000,1.388449,-0.600211,0.982127
239,200,500,4.000000,2.500000,0.650000,1.331271,-0.511475,0.978998
240,200,500,4.000000,2.500000,0.700000,1.276425,-0.425592,0.974684
241,200,500,4.000000,2.500000,0.750000,1.221917,-0.342562,0.971473
242,200,500,4.000000,2.500000,0.800000,1.182075,-0.274643,0.965243
243,200,500,4.000000,2.500000,0.850000,1.142568,-0.206552,0.960836
244,200,500,4.000000,2.500000,0.900000,1.107745,-0.145318,0.956718
245,200,500,4.000000,2.500000,0.950000,1.077600,-0.089096,0.951076
246,200,500,4.000000,2.500000,1.000000,1.048322,-0.034902,0.945536
247,200,500,5.000000,3.000000,0.100000,3.649689,-4.067161,0.997242
248,200,500,5.000000,3.000000,0.150000,2.988062,-3.032387,0.995933
249,200,500,5.000000,3.000000,0.200000,2.564090,-2.383499,0.992525
250,200,500,5.000000,3.000000,0.250000,2.297439,-1.967509,0.988352
251,200,500,5.000000,3.000000,0.300000,2.088220,-1.642014,0.982940
252,200,500,5.000000,3.000000,0.350000,1.912602,-1.376875,0.977825
253,200,500,5.000000,3.000000,0.400000,1.776502,-1.171137,0.977646
254,200,500,5.000000,3.000000,0.450000,1.668273,-1.005506,0.974647
255,200,500,5.000000,3.000000,0.500000,1.567028,-0.855139,0.967816
256,200,500,5.000000,3.000000,0.550000,1.478755,-0.722171,0.964892
257,200,500,5.000000,3.000000,0.600000,1.407500,-0.616154,0.960655
258,200,500,5.000000,3.000000,0.650000,1.343525,-0.519615,0.957114
259,200,500,5.000000,3.000000,0.700000,1.286026,-0.432675,0.949679
260,200,500,5.000000,3.000000,0.750000,1.239757,-0.356889,0.943749
261,200,500,5.000000,3.000000,0.800000,1.197580,-0.286779,0.930901
262,200,500,5.000000,3.000000,0.850000,1.155668,-0.216754,0.923286
263,200,500,5.000000,3.000000,0.900000,1.122547,-0.157093,0.918597
264,200,500,5.000000,3.000000,0.950000,1.092668,-0.101310,0.908112
265,200,500,5.000000,3.000000,1.000000,1.063264,-0.046539,0.901392
266,200,500,6.000000,3.500000,0.100000,3.718578,-4.148141,0.995324
267,200,500,6.000000,3.500000,0.150000,3.006165,-3.046547,0.990482
268,200,500,6.000000,3.500000,0.200000,2.604939,-2.426276,0.979533
269,200,500,6.000000,3.500000,0.250000,2.317331,-1.980834,0.971212
270,200,500,6.000000,3.500000,0.300000,2.112369,-1.665222,0.965076
271,200,500,6.000000,3.500000,0.350000,1.942837,-1.410021,0.958040
272,200,500,6.000000,3.500000,0.400000,1.798568,-1.190782,0.951732
273,200,500,6.000000,3.500000,0.450000,1.678698,-1.012349,0.946344
274,200,500,6.000000,3.500000,0.500000,1.581429,-0.865593,0.940737
275,200,500,6.000000,3.500000,0.550000,1.503154,-0.747069,0.935034
276,200,500,6.000000,3.500000,0.600000,1.419876,-0.626841,0.933085
277,200,500,6.000000,3.500000,0.650000,1.350645,-0.523596,0.925177
278,200,500,6.000000,3.500000,0.700000,1.304449,-0.447749,0.915261
279,200,500,6.000000,3.500000,0.750000,1.254120,-0.368014,0.904527
280,200,500,6.000000,3.500000,0.800000,1.210608,-0.295595,0.891897
281,200,500,6.000000,3.500000,0.850000,1.174131,-0.231796,0.882261
282,200,500,6.000000,3.500000,0.900000,1.136104,-0.167678,0.871347
283,200,500,6.000000,3.500000,0.950000,1.106584,-0.112116,0.857449
284,200,500,6.000000,3.500000,1.000000,1.076667,-0.057127,0.852236
285,200,500,7.000000,4.000000,0.100000,3.816546,-4.268541,0.991307
286,200,500,7.000000,4.000000,0.150000,3.094079,-3.154683,0.975877
287,200,500,7.000000,4.000000,0.200000,2.651320,-2.475451,0.964581
288,200,500,7.000000,4.000000,0.250000,2.352912,-2.026351,0.943556
289,200,500,7.000000,4.000000,0.300000,2.129232,-1.682137,0.937005
290,200,500,7.000000,4.000000,0.350000,1.953626,-1.416668,0.930902
291,200,500,7.000000,4.000000,0.400000,1.821919,-1.213782,0.922403
292,200,500,7.000000,4.000000,0.450000,1.708457,-1.040051,0.911058
293,200,500,7.000000,4.000000,0.500000,1.599842,-0.880965,0.908547
294,200,500,7.000000,4.000000,0.550000,1.511794,-0.751931,0.903070
295,200,500,7.000000,4.000000,0.600000,1.440196,-0.642158,0.896162
296,200,500,7.000000,4.000000,0.650000,1.370547,-0.541212,0.889544
297,200,500,7.000000,4.000000,0.700000,1.319025,-0.458815,0.872490
298,200,500,7.000000,4.000000,0.750000,1.269711,-0.380776,0.860637
299,200,500,7.000000,4.000000,0.800000,1.225573,-0.307799,0.846476
300,200,500,7.000000,4.000000,0.850000,1.189125,-0.244244,0.833158
301,200,500,7.000000,4.000000,0.900000,1.152045,-0.180469,0.823674
302,200,500,7.000000,4.000000,0.950000,1.122628,-0.124615,0.807099
303,200,500,7.000000,4.000000,1.000000,1.093215,-0.070245,0.792972
304,200,500,8.000000,4.500000,0.100000,3.867908,-4.336467,0.979141
305,200,500,8.000000,4.500000,0.150000,3.131482,-3.196568,0.956182
306,200,500,8.000000,4.500000,0.200000,2.703014,-2.536986,0.933169
307,200,500,8.000000,4.500000,0.250000,2.392231,-2.062713,0.912425
308,200,500,8.000000,4.500000,0.300000,2.157788,-1.709739,0.903295
309,200,500,8.000000,4.500000,0.350000,2.002137,-1.466780,0.888127
310,200,500,8.000000,4.500000,0.400000,1.847274,-1.236807,0.879951
311,200,500,8.000000,4.500000,0.450000,1.730109,-1.060676,0.880997
312,200,500,8.000000,4.500000,0.500000,1.622059,-0.903734,0.870927
313,200,500,8.000000,4.500000,0.550000,1.535198,-0.772730,0.865013
314,200,500,8.000000,4.500000,0.600000,1.451539,-0.652327,0.858409
315,200,500,8.000000,4.500000,0.650000,1.389573,-0.555159,0.845909
316,200,500,8.000000,4.500000,0.700000,1.333670,-0.469278,0.830186
317,200,500,8.000000,4.500000,0.750000,1.281347,-0.388729,0.815612
318,200,500,8.000000,4.500000,0.800000,1.242688,-0.322209,0.798917
319,200,500,8.000000,4.500000,0.850000,1.203445,-0.255260,0.783949
320,200,500,8.000000,4.500000,0.900000,1.170226,-0.194665,0.766969
321,200,500,8.000000,4.500000,0.950000,1.138989,-0.137571,0.753782
322,200,500,8.000000,4.500000,1.000000,1.108001,-0.081601,0.740205
323,200,500,9.000000,5.000000,0.100000,3.972590,-4.464674,0.962613
324,200,500,9.000000,5.000000,0.150000,3.210278,-3.296330,0.927433
325,200,500,9.000000,5.000000,0.200000,2.753411,-2.595115,0.891245
326,200,500,9.000000,5.000000,0.250000,2.438126,-2.112222,0.876156
327,200,500,9.000000,5.000000,0.300000,2.199288,-1.753376,0.858561
328,200,500,9.000000,5.000000,0.350000,2.023282,-1.486127,0.849700
329,200,500,9.000000,5.000000,0.400000,1.878683,-1.267436,0.841178
330,200,500,9.000000,5.000000,0.450000,1.747343,-1.075004,0.839036
331,200,500,9.000000,5.000000,0.500000,1.643608,-0.922031,0.829158
332,200,500,9.000000,5.000000,0.550000,1.550766,-0.784616,0.826145
333,200,500,9.000000,5.000000,0.600000,1.466307,-0.662878,0.819180
334,200,500,9.000000,5.000000,0.650000,1.400400,-0.564350,0.808142
335,200,500,9.000000,5.000000,0.700000,1.347333,-0.480647,0.787802
336,200,500,9.000000,5.000000,0.750000,1.298675,-0.403988,0.768277
337,200,500,9.000000,5.000000,0.800000,1.260189,-0.335531,0.747791
338,200,500,9.000000,5.000000,0.850000,1.217288,-0.265836,0.729530
339,200,500,9.000000,5.000000,0.900000,1.183175,-0.205447,0.712046
340,200,500,9.000000,5.000000,0.950000,1.152842,-0.149159,0.695757
341,200,500,9.000000,5.000000,1.000000,1.124964,-0.095133,0.679082
342,200,500,10.000000,5.500000,0.100000,4.088577,-4.613591,0.939830
343,200,500,10.000000,5.500000,0.150000,3.254356,-3.345681,0.889247
344,200,500,10.000000,5.500000,0.200000,2.791169,-2.637889,0.852769
345,200,500,10.000000,5.500000,0.250000,2.479126,-2.162639,0.834495
346,200,500,10.000000,5.500000,0.300000,2.240326,-1.796498,0.819544
347,200,500,10.000000,5.500000,0.350000,2.051655,-1.514288,0.802444
348,200,500,10.000000,5.500000,0.400000,1.899468,-1.287378,0.800229
349,200,500,10.000000,5.500000,0.450000,1.768956,-1.094735,0.789396
350,200,500,10.000000,5.500000,0.500000,1.659522,-0.933295,0.787959
351,200,500,10.000000,5.500000,0.550000,1.574302,-0.805616,0.782044
352,200,500,10.000000,5.500000,0.600000,1.487139,-0.680449,0.770401
353,200,500,10.000000,5.500000,0.650000,1.416495,-0.577196,0.762397
354,200,500,10.000000,5.500000,0.700000,1.363673,-0.493812,0.739275
355,200,500,10.000000,5.500000,0.750000,1.317738,-0.417621,0.714873
356,200,500,10.000000,5.500000,0.800000,1.274394,-0.346587,0.694947
357,200,500,10.000000,5.500000,0.850000,1.233288,-0.278187,0.680045
358,200,500,10.000000,5.500000,0.900000,1.198741,-0.217063,0.664462
359,200,500,10.000000,5.500000,0.950000,1.169762,-0.161604,0.644275
360,200,500,10.000000,5.500000,1.000000,1.139683,-0.106577,0.631363
361,200,500,11.000000,6.000000,0.100000,4.162448,-4.700682,0.911121
362,200,500,11.000000,6.000000,0.150000,3.333905,-3.441191,0.851197
363,200,500,11.000000,6.000000,0.200000,2.848641,-2.700682,0.810521
364,200,500,11.000000,6.000000,0.250000,2.504807,-2.187538,0.784534
365,200,500,11.000000,6.000000,0.300000,2.275965,-1.834629,0.771438
366,200,500,11.000000,6.000000,0.350000,2.069007,-1.532715,0.764496
367,200,500,11.000000,6.000000,0.400000,1.933241,-1.321584,0.758423
368,200,500,11.000000,6.000000,0.450000,1.788732,-1.112124,0.749877
369,200,500,11.000000,6.000000,0.500000,1.679915,-0.951218,0.741350
370,200,500,11.000000,6.000000,0.550000,1.580261,-0.808862,0.739081
371,200,500,11.000000,6.000000,0.600000,1.507800,-0.698046,0.729507
372,200,500,11.000000,6.000000,0.650000,1.433750,-0.590241,0.717613
373,200,500,11.000000,6.000000,0.700000,1.378423,-0.504756,0.696521
374,200,500,11.000000,6.000000,0.750000,1.326580,-0.424265,0.674301
375,200,500,11.000000,6.000000,0.800000,1.288701,-0.358382,0.651505
376,200,500,11.000000,6.000000,0.850000,1.249520,-0.291534,0.631614
377,200,500,11.000000,6.000000,0.900000,1.215498,-0.230366,0.611529
378,200,500,11.000000,6.000000,0.950000,1.186443,-0.174908,0.596644
379,200,500,11.000000,6.000000,1.000000,1.156453,-0.119858,0.580235
380,300,500,2.000000,1.500000,0.100000,3.465433,-4.143497,0.998255
381,300,500,2.000000,1.500000,0.150000,2.820754,-3.052362,0.998955
382,300,500,2.000000,1.500000,0.200000,2.450169,-2.418345,0.999247
383,300,500,2.000000,1.500000,0.250000,2.183834,-1.966249,0.999319
384,300,500,2.000000,1.500000,0.300000,1.993147,-1.642637,0.999540
385,300,500,2.000000,1.500000,0.350000,1.843535,-1.389018,0.999614
386,300,500,2.000000,1.500000,0.400000,1.723224,-1.182872,0.999659
387,300,500,2.000000,1.500000,0.450000,1.614812,-1.002819,0.999659
388,300,500,2.000000,1.500000,0.500000,1.524453,-0.852840,0.999637
389,300,500,2.000000,1.500000,0.550000,1.445592,-0.724684,0.999640
390,300,500,2.000000,1.500000,0.600000,1.377982,-0.611133,0.999674
391,300,500,2.000000,1.500000,0.650000,1.312944,-0.506567,0.999588
392,300,500,2.000000,1.500000,0.700000,1.256638,-0.415761,0.999562
393,300,500,2.000000,1.500000,0.750000,1.204954,-0.333357,0.999377
394,300,500,2.000000,1.500000,0.800000,1.157836,-0.256674,0.999322
395,300,500,2.000000,1.500000,0.850000,1.115335,-0.187379,0.999097
396,300,500,2.000000,1.500000,0.900000,1.077006,-0.122473,0.998748
397,300,500,2.000000,1.500000,0.950000,1.043597,-0.063297,0.998711
398,300,500,2.000000,1.500000,1.000000,1.012124,-0.006746,0.998408
399,300,500,3.000000,2.000000,0.100000,3.464225,-4.135325,0.998479
400,300,500,3.000000,2.000000,0.150000,2.840254,-3.066088,0.998954
401,300,500,3.000000,2.000000,0.200000,2.468574,-2.431857,0.999092
402,300,500,3.000000,2.000000,0.250000,2.221228,-2.007581,0.999331
403,300,500,3.000000,2.000000,0.300000,2.007549,-1.656489,0.999387
404,300,500,3.000000,2.000000,0.350000,1.864341,-1.408264,0.999254
405,300,500,3.000000,2.000000,0.400000,1.730567,-1.188297,0.999012
406,300,500,3.000000,2.000000,0.450000,1.629523,-1.018743,0.999052
407,300,500,3.000000,2.000000,0.500000,1.539040,-0.866767,0.998504
408,300,500,3.000000,2.000000,0.550000,1.455001,-0.731155,0.998044
409,300,500,3.000000,2.000000,0.600000,1.386091,-0.617403,0.997809
410,300,500,3.000000,2.000000,0.650000,1.319060,-0.510720,0.997696
411,300,500,3.000000,2.000000,0.700000,1.263878,-0.420470,0.996844
412,300,500,3.000000,2.000000,0.750000,1.211140,-0.336525,0.996157
413,300,500,3.000000,2.000000,0.800000,1.163740,-0.260441,0.995632
414,300,500,3.000000,2.000000,0.850000,1.120699,-0.190408,0.995081
415,300,500,3.000000,2.000000,0.900000,1.082341,-0.125334,0.993535
416,300,500,3.000000,2.000000,0.950000,1.049836,-0.067797,0.992454
417,300,500,3.000000,2.000000,1.000000,1.019321,-0.011852,0.991792
418,300,500,4.000000,2.500000,0.100000,3.569201,-4.271896,0.998228
419,300,500,4.000000,2.500000,0.150000,2.868553,-3.110171,0.998752
420,300,500,4.000000,2.500000,0.200000,2.495789,-2.467090,0.998735
421,300,500,4.000000,2.500000,0.250000,2.221968,-2.007126,0.998472
422,300,500,4.000000,2.500000,0.300000,2.028813,-1.678871,0.998228
423,300,500,4.000000,2.500000,0.350000,1.874261,-1.417621,0.997004
424,300,500,4.000000,2.500000,0.400000,1.743727,-1.201923,0.995694
425,300,500,4.000000,2.500000,0.450000,1.637049,-1.022547,0.994944
426,300,500,4.000000,2.500000,0.500000,1.551797,-0.878808,0.993737
427,300,500,4.000000,2.500000,0.550000,1.465491,-0.740305,0.993412
428,300,500,4.000000,2.500000,0.600000,1.393164,-0.622943,0.991838
429,300,500,4.000000,2.500000,0.650000,1.330259,-0.519809,0.991226
430,300,500,4.000000,2.500000,0.700000,1.275975,-0.430252,0.989575
431,300,500,4.000000,2.500000,0.750000,1.218195,-0.342648,0.989566
432,300,500,4.000000,2.500000,0.800000,1.170170,-0.265444,0.988605
433,300,500,4.000000,2.500000,0.850000,1.129257,-0.196456,0.984799
434,300,500,4.000000,2.500000,0.900000,1.091715,-0.133272,0.982646
435,300,500,4.000000,2.500000,0.950000,1.057066,-0.072272,0.980816
436,300,500,4.000000,2.500000,1.000000,1.026780,-0.017147,0.977837
437,300,500,5.000000,3.000000,0.100000,3.558867,-4.259197,0.998376
438,300,500,5.000000,3.000000,0.150000,2.938842,-3.190040,0.998026
439,300,500,5.000000,3.000000,0.200000,2.524231,-2.500761,0.996971
440,300,500,5.000000,3.000000,0.250000,2.260115,-2.055166,0.995439
441,300,500,5.000000,3.000000,0.300000,2.051489,-1.703956,0.992148
442,300,500,5.000000,3.000000,0.350000,1.885393,-1.428772,0.989718
443,300,500,5.000000,3.000000,0.400000,1.771522,-1.227884,0.988522
444,300,500,5.000000,3.000000,0.450000,1.654084,-1.040315,0.985757
445,300,500,5.000000,3.000000,0.500000,1.560969,-0.886141,0.983153
446,300,500,5.000000,3.000000,0.550000,1.478587,-0.751810,0.981874
447,300,500,5.000000,3.000000,0.600000,1.405709,-0.632033,0.981279
448,300,500,5.000000,3.000000,0.650000,1.338632,-0.526436,0.979226
449,300,500,5.000000,3.000000,0.700000,1.279477,-0.433019,0.979371
450,300,500,5.000000,3.000000,0.750000,1.226616,-0.348013,0.975519
451,300,500,5.000000,3.000000,0.800000,1.178842,-0.271988,0.974652
452,300,500,5.000000,3.000000,0.850000,1.135523,-0.200988,0.969499
453,300,500,5.000000,3.000000,0.900000,1.100961,-0.140327,0.965938
454,300,500,5.000000,3.000000,0.950000,1.066465,-0.079603,0.960979
455,300,500,5.000000,3.000000,1.000000,1.034759,-0.022870,0.957030
456,300,500,6.000000,3.500000,0.100000,3.585129,-4.283087,0.997533
457,300,500,6.000000,3.500000,0.150000,2.955871,-3.211356,0.995663
458,300,500,6.000000,3.500000,0.200000,2.553154,-2.536135,0.990788
459,300,500,6.000000,3.500000,0.250000,2.281946,-2.076865,0.986208
460,300,500,6.000000,3.500000,0.300000,2.067501,-1.718268,0.983152
461,300,500,6.000000,3.500000,0.350000,1.915962,-1.463919,0.978106
462,300,500,6.000000,3.500000,0.400000,1.782137,-1.238697,0.974640
463,300,500,6.000000,3.500000,0.450000,1.670015,-1.056432,0.971714
464,300,500,6.000000,3.500000,0.500000,1.572914,-0.897711,0.969983
465,300,500,6.000000,3.500000,0.550000,1.487837,-0.759433,0.969447
466,300,500,6.000000,3.500000,0.600000,1.415321,-0.640304,0.963507
467,300,500,6.000000,3.500000,0.650000,1.345843,-0.531640,0.964119
468,300,500,6.000000,3.500000,0.700000,1.288795,-0.440321,0.962435
469,300,500,6.000000,3.500000,0.750000,1.234948,-0.353851,0.958031
470,300,500,6.000000,3.500000,0.800000,1.186973,-0.277351,0.954572
471,300,500,6.000000,3.500000,0.850000,1.144381,-0.207982,0.948347
472,300,500,6.000000,3.500000,0.900000,1.107394,-0.143939,0.942690
473,300,500,6.000000,3.500000,0.950000,1.072677,-0.083594,0.937100
474,300,500,6.000000,3.500000,1.000000,1.042068,-0.028031,0.930694
475,300,500,7.000000,4.000000,0.100000,3.674386,-4.411786,0.996379
476,300,500,7.000000,4.000000,0.150000,3.001975,-3.272779,0.990286
477,300,500,7.000000,4.000000,0.200000,2.575990,-2.558181,0.981170
478,300,500,7.000000,4.000000,0.250000,2.308385,-2.107077,0.971113
479,300,500,7.000000,4.000000,0.300000,2.096236,-1.753283,0.965913
480,300,500,7.000000,4.000000,0.350000,1.933412,-1.481321,0.961674
481,300,500,7.000000,4.000000,0.400000,1.796165,-1.254677,0.952929
482,300,500,7.000000,4.000000,0.450000,1.682701,-1.068441,0.951655
483,300,500,7.000000,4.000000,0.500000,1.582355,-0.904275,0.949267
484,300,500,7.000000,4.000000,0.550000,1.497982,-0.767433,0.945737
485,300,500,7.000000,4.000000,0.600000,1.426985,-0.650807,0.943605
486,300,500,7.000000,4.000000,0.650000,1.362589,-0.547056,0.940545
487,300,500,7.000000,4.000000,0.700000,1.298766,-0.447775,0.937035
488,300,500,7.000000,4.000000,0.750000,1.243970,-0.361146,0.936154
489,300,500,7.000000,4.000000,0.800000,1.193946,-0.282055,0.930156
490,300,500,7.000000,4.000000,0.850000,1.153393,-0.214741,0.923263
491,300,500,7.000000,4.000000,0.900000,1.116765,-0.151481,0.914694
492,300,500,7.000000,4.000000,0.950000,1.082168,-0.090948,0.907479
493,300,500,7.000000,4.000000,1.000000,1.051132,-0.034654,0.898079
494,300,500,8.000000,4.500000,0.100000,3.725048,-4.481785,0.990509
495,300,500,8.000000,4.500000,0.150000,3.054514,-3.344414,0.978059
496,300,500,8.000000,4.500000,0.200000,2.619566,-2.613494,0.963378
497,300,500,8.000000,4.500000,0.250000,2.335123,-2.135684,0.951080
498,300,500,8.000000,4.500000,0.300000,2.124334,-1.786231,0.942356
499,300,500,8.000000,4.500000,0.350000,1.955764,-1.503281,0.935840
500,300,500,8.000000,4.500000,0.400000,1.809614,-1.265977,0.931768
501,300,500,8.000000,4.500000,0.450000,1.705165,-1.090165,0.927799
502,300,500,8.000000,4.500000,0.500000,1.596467,-0.918140,0.926188
503,300,500,8.000000,4.500000,0.550000,1.511904,-0.780691,0.921696
504,300,500,8.000000,4.500000,0.600000,1.434911,-0.657506,0.919000
505,300,500,8.000000,4.500000,0.650000,1.368634,-0.549932,0.914702
506,300,500,8.000000,4.500000,0.700000,1.309134,-0.455546,0.913396
507,300,500,8.000000,4.500000,0.750000,1.256051,-0.370975,0.909844
508,300,500,8.000000,4.500000,0.800000,1.204000,-0.289946,0.904219
509,300,500,8.000000,4.500000,0.850000,1.162705,-0.220846,0.893913
510,300,500,8.000000,4.500000,0.900000,1.124724,-0.156654,0.881666
511,300,500,8.000000,4.500000,0.950000,1.090168,-0.096406,0.873443
512,300,500,8.000000,4.500000,1.000000,1.059762,-0.040975,0.862094
513,300,500,9.000000,5.000000,0.100000,3.819925,-4.604546,0.982391
514,300,500,9.000000,5.000000,0.150000,3.087184,-3.380298,0.961880
515,300,500,9.000000,5.000000,0.200000,2.662838,-2.668399,0.944500
516,300,500,9.000000,5.000000,0.250000,2.359775,-2.163978,0.926023
517,300,500,9.000000,5.000000,0.300000,2.145890,-1.806443,0.913426
518,300,500,9.000000,5.000000,0.350000,1.976252,-1.525543,0.914436
519,300,500,9.000000,5.000000,0.400000,1.828193,-1.288833,0.904594
520,300,500,9.000000,5.000000,0.450000,1.717163,-1.101727,0.897909
521,300,500,9.000000,5.000000,0.500000,1.613339,-0.934961,0.894745
522,300,500,9.000000,5.000000,0.550000,1.527017,-0.794658,0.892377
523,300,500,9.000000,5.000000,0.600000,1.446624,-0.668153,0.888093
524,300,500,9.000000,5.000000,0.650000,1.381050,-0.561805,0.886790
525,300,500,9.000000,5.000000,0.700000,1.316786,-0.461655,0.884629
526,300,500,9.000000,5.000000,0.750000,1.258969,-0.371855,0.880678
527,300,500,9.000000,5.000000,0.800000,1.212372,-0.296462,0.872336
528,300,500,9.000000,5.000000,0.850000,1.169308,-0.225668,0.859656
529,300,500,9.000000,5.000000,0.900000,1.133248,-0.163371,0.848379
530,300,500,9.000000,5.000000,0.950000,1.098852,-0.103367,0.837686
531,300,500,9.000000,5.000000,1.000000,1.067706,-0.046666,0.824220
532,300,500,10.000000,5.500000,0.100000,3.896023,-4.701340,0.969381
533,300,500,10.000000,5.500000,0.150000,3.133824,-3.441160,0.934242
534,300,500,10.000000,5.500000,0.200000,2.689266,-2.701812,0.914668
535,300,500,10.000000,5.500000,0.250000,2.392147,-2.207446,0.893576
536,300,500,10.000000,5.500000,0.300000,2.177484,-1.842479,0.883315
537,300,500,10.000000,5.500000,0.350000,1.996511,-1.548353,0.878545
538,300,500,10.000000,5.500000,0.400000,1.844949,-1.304433,0.869859
539,300,500,10.000000,5.500000,0.450000,1.725230,-1.106495,0.866292
540,300,500,10.000000,5.500000,0.500000,1.624030,-0.943786,0.863628
541,300,500,10.000000,5.500000,0.550000,1.540389,-0.805997,0.861477
542,300,500,10.000000,5.500000,0.600000,1.462343,-0.681295,0.858951
543,300,500,10.000000,5.500000,0.650000,1.391839,-0.570803,0.852170
544,300,500,10.000000,5.500000,0.700000,1.327048,-0.469073,0.853213
545,300,500,10.000000,5.500000,0.750000,1.271305,-0.381224,0.851416
546,300,500,10.000000,5.500000,0.800000,1.220355,-0.301536,0.840589
547,300,500,10.000000,5.500000,0.850000,1.178736,-0.233024,0.829170
548,300,500,10.000000,5.500000,0.900000,1.141161,-0.168336,0.811596
549,300,500,10.000000,5.500000,0.950000,1.106196,-0.108003,0.799641
550,300,500,10.000000,5.500000,1.000000,1.076808,-0.053227,0.784403
551,300,500,11.000000,6.000000,0.100000,3.925652,-4.743310,0.944191
552,300,500,11.000000,6.000000,0.150000,3.211011,-3.539937,0.903512
553,300,500,11.000000,6.000000,0.200000,2.715408,-2.728886,0.873388
554,300,500,11.000000,6.000000,0.250000,2.431849,-2.249988,0.856463
555,300,500,11.000000,6.000000,0.300000,2.195084,-1.860563,0.848138
556,300,500,11.000000,6.000000,0.350000,2.010924,-1.561984,0.843238
557,300,500,11.000000,6.000000,0.400000,1.864079,-1.324477,0.835895
558,300,500,11.000000,6.000000,0.450000,1.745913,-1.128785,0.833249
559,300,500,11.000000,6.000000,0.500000,1.641485,-0.961002,0.830173
560,300,500,11.000000,6.000000,0.550000,1.550203,-0.814834,0.828338
561,300,500,11.000000,6.000000,0.600000,1.472730,-0.690790,0.825710
562,300,500,11.000000,6.000000,0.650000,1.396900,-0.573362,0.824937
563,300,500,11.000000,6.000000,0.700000,1.337799,-0.478283,0.818460
564,300,500,11.000000,6.000000,0.750000,1.279772,-0.387908,0.817118
565,300,500,11.000000,6.000000,0.800000,1.230042,-0.309562,0.807028
566,300,500,11.000000,6.000000,0.850000,1.187730,-0.239523,0.790183
567,300,500,11.000000,6.000000,0.900000,1.150068,-0.175320,0.775179
568,300,500,11.000000,6.000000,0.950000,1.115904,-0.115430,0.762550
569,300,500,11.000000,6.000000,1.000000,1.084593,-0.058914,0.747316
570,400,500,2.000000,1.500000,0.100000,3.452136,-4.386939,0.999032
571,400,500,2.000000,1.500000,0.150000,2.845816,-3.277267,0.999207
572,400,500,2.000000,1.500000,0.200000,2.444125,-2.557836,0.999476
573,400,500,2.000000,1.500000,0.250000,2.190882,-2.091557,0.999597
574,400,500,2.000000,1.500000,0.300000,2.005826,-1.754799,0.999680
575,400,500,2.000000,1.500000,0.350000,1.843340,-1.466597,0.999675
576,400,500,2.000000,1.500000,0.400000,1.719171,-1.242898,0.999710
577,400,500,2.000000,1.500000,0.450000,1.616721,-1.058333,0.999760
578,400,500,2.000000,1.500000,0.500000,1.526533,-0.898664,0.999767
579,400,500,2.000000,1.500000,0.550000,1.449580,-0.761712,0.999757
580,400,500,2.000000,1.500000,0.600000,1.381068,-0.641397,0.999802
581,400,500,2.000000,1.500000,0.650000,1.316889,-0.530196,0.999779
582,400,500,2.000000,1.500000,0.700000,1.261647,-0.433491,0.999758
583,400,500,2.000000,1.500000,0.750000,1.209539,-0.345958,0.999708
584,400,500,2.000000,1.500000,0.800000,1.163431,-0.265885,0.999721
585,400,500,2.000000,1.500000,0.850000,1.118305,-0.191547,0.999660
586,400,500,2.000000,1.500000,0.900000,1.077947,-0.124627,0.999552
587,400,500,2.000000,1.500000,0.950000,1.041931,-0.062262,0.999439
588,400,500,2.000000,1.500000,1.000000,1.008181,-0.003941,0.999353
589,400,500,3.000000,2.000000,0.100000,3.455289,-4.384903,0.998796
590,400,500,3.000000,2.000000,0.150000,2.819704,-3.229751,0.999283
591,400,500,3.000000,2.000000,0.200000,2.472017,-2.592044,0.999502
592,400,500,3.000000,2.000000,0.250000,2.202052,-2.103818,0.999494
593,400,500,3.000000,2.000000,0.300000,2.005668,-1.751339,0.999533
594,400,500,3.000000,2.000000,0.350000,1.861290,-1.486250,0.999642
595,400,500,3.000000,2.000000,0.400000,1.735478,-1.261334,0.999506
596,400,500,3.000000,2.000000,0.450000,1.629516,-1.072569,0.999352
597,400,500,3.000000,2.000000,0.500000,1.535292,-0.906846,0.999384
598,400,500,3.000000,2.000000,0.550000,1.455557,-0.765464,0.999077
599,400,500,3.000000,2.000000,0.600000,1.385958,-0.643947,0.998971
600,400,500,3.000000,2.000000,0.650000,1.323264,-0.534604,0.998577
601,400,500,3.000000,2.000000,0.700000,1.267856,-0.438938,0.998314
602,400,500,3.000000,2.000000,0.750000,1.215487,-0.349502,0.998357
603,400,500,3.000000,2.000000,0.800000,1.168858,-0.269867,0.997991
604,400,500,3.000000,2.000000,0.850000,1.124109,-0.194945,0.997574
605,400,500,3.000000,2.000000,0.900000,1.083556,-0.127997,0.997095
606,400,500,3.000000,2.000000,0.950000,1.046305,-0.065462,0.996631
607,400,500,3.000000,2.000000,1.000000,1.012603,-0.006602,0.996173
608,400,500,4.000000,2.500000,0.100000,3.537142,-4.498637,0.998708
609,400,500,4.000000,2.500000,0.150000,2.881466,-3.322945,0.998835
610,400,500,4.000000,2.500000,0.200000,2.485481,-2.604005,0.999262
611,400,500,4.000000,2.500000,0.250000,2.215823,-2.119263,0.999200
612,400,500,4.000000,2.500000,0.300000,2.024499,-1.774038,0.998874
613,400,500,4.000000,2.500000,0.350000,1.866913,-1.491054,0.998316
614,400,500,4.000000,2.500000,0.400000,1.742997,-1.267705,0.998203
615,400,500,4.000000,2.500000,0.450000,1.634906,-1.076301,0.997520
616,400,500,4.000000,2.500000,0.500000,1.545733,-0.916343,0.996953
617,400,500,4.000000,2.500000,0.550000,1.462903,-0.774084,0.996358
618,400,500,4.000000,2.500000,0.600000,1.393721,-0.650879,0.995770
619,400,500,4.000000,2.500000,0.650000,1.335778,-0.546701,0.994816
620,400,500,4.000000,2.500000,0.700000,1.275063,-0.445254,0.994374
621,400,500,4.000000,2.500000,0.750000,1.222157,-0.354574,0.993922
622,400,500,4.000000,2.500000,0.800000,1.174075,-0.274100,0.993309
623,400,500,4.000000,2.500000,0.850000,1.128600,-0.198172,0.992934
624,400,500,4.000000,2.500000,0.900000,1.087323,-0.130274,0.991831
625,400,500,4.000000,2.500000,0.950000,1.050270,-0.067596,0.990823
626,400,500,4.000000,2.500000,1.000000,1.017310,-0.009777,0.989266
627,400,500,5.000000,3.000000,0.100000,3.539099,-4.500727,0.998563
628,400,500,5.000000,3.000000,0.150000,2.908842,-3.354080,0.998805
629,400,500,5.000000,3.000000,0.200000,2.500106,-2.622798,0.998477
630,400,500,5.000000,3.000000,0.250000,2.236548,-2.145674,0.996824
631,400,500,5.000000,3.000000,0.300000,2.032261,-1.780651,0.996460
632,400,500,5.000000,3.000000,0.350000,1.877420,-1.502492,0.994461
633,400,500,5.000000,3.000000,0.400000,1.751855,-1.275052,0.993687
634,400,500,5.000000,3.000000,0.450000,1.644612,-1.084204,0.992254
635,400,500,5.000000,3.000000,0.500000,1.554327,-0.926307,0.990729
636,400,500,5.000000,3.000000,0.550000,1.475176,-0.785600,0.989162
637,400,500,5.000000,3.000000,0.600000,1.403562,-0.659414,0.988870
638,400,500,5.000000,3.000000,0.650000,1.340072,-0.550019,0.987352
639,400,500,5.000000,3.000000,0.700000,1.279973,-0.448281,0.987146
640,400,500,5.000000,3.000000,0.750000,1.226697,-0.357854,0.986253
641,400,500,5.000000,3.000000,0.800000,1.180232,-0.278004,0.985256
642,400,500,5.000000,3.000000,0.850000,1.134046,-0.202182,0.984021
643,400,500,5.000000,3.000000,0.900000,1.093020,-0.133933,0.983213
644,400,500,5.000000,3.000000,0.950000,1.056274,-0.071721,0.980464
645,400,500,5.000000,3.000000,1.000000,1.022578,-0.013216,0.978245
646,400,500,6.000000,3.500000,0.100000,3.572719,-4.539023,0.998225
647,400,500,6.000000,3.500000,0.150000,2.933450,-3.384818,0.997855
648,400,500,6.000000,3.500000,0.200000,2.520704,-2.647115,0.995593
649,400,500,6.000000,3.500000,0.250000,2.250976,-2.163637,0.992558
650,400,500,6.000000,3.500000,0.300000,2.052941,-1.805140,0.990293
651,400,500,6.000000,3.500000,0.350000,1.898745,-1.527163,0.986400
652,400,500,6.000000,3.500000,0.400000,1.768215,-1.294053,0.984381
653,400,500,6.000000,3.500000,0.450000,1.656101,-1.096729,0.981759
654,400,500,6.000000,3.500000,0.500000,1.561572,-0.932852,0.981216
655,400,500,6.000000,3.500000,0.550000,1.481430,-0.790211,0.978419
656,400,500,6.000000,3.500000,0.600000,1.408948,-0.663380,0.977827
657,400,500,6.000000,3.500000,0.650000,1.346573,-0.555465,0.975637
658,400,500,6.000000,3.500000,0.700000,1.288249,-0.454966,0.974784
659,400,500,6.000000,3.500000,0.750000,1.233178,-0.363529,0.974031
660,400,500,6.000000,3.500000,0.800000,1.184394,-0.280576,0.974795
661,400,500,6.000000,3.500000,0.850000,1.140396,-0.207184,0.971675
662,400,500,6.000000,3.500000,0.900000,1.097554,-0.136711,0.970491
663,400,500,6.000000,3.500000,0.950000,1.061568,-0.075196,0.966551
664,400,500,6.000000,3.500000,1.000000,1.027923,-0.016741,0.961883
665,400,500,7.000000,4.000000,0.100000,3.609244,-4.598601,0.997353
666,400,500,7.000000,4.000000,0.150000,2.950216,-3.406558,0.994686
667,400,500,7.000000,4.000000,0.200000,2.560374,-2.698581,0.988040
668,400,500,7.000000,4.000000,0.250000,2.279223,-2.197734,0.985047
669,400,500,7.000000,4.000000,0.300000,2.068371,-1.823544,0.979355
670,400,500,7.000000,4.000000,0.350000,1.906282,-1.534962,0.975391
671,400,500,7.000000,4.000000,0.400000,1.779460,-1.304227,0.970488
672,400,500,7.000000,4.000000,0.450000,1.671459,-1.113301,0.968561
673,400,500,7.000000,4.000000,0.500000,1.575884,-0.945225,0.967443
674,400,500,7.000000,4.000000,0.550000,1.488634,-0.795025,0.965670
675,400,500,7.000000,4.000000,0.600000,1.421209,-0.675597,0.963343
676,400,500,7.000000,4.000000,0.650000,1.354252,-0.562001,0.960032
677,400,500,7.000000,4.000000,0.700000,1.294091,-0.459766,0.960952
678,400,500,7.000000,4.000000,0.750000,1.241574,-0.369907,0.958944
679,400,500,7.000000,4.000000,0.800000,1.191191,-0.285552,0.956571
680,400,500,7.000000,4.000000,0.850000,1.144411,-0.209360,0.956917
681,400,500,7.000000,4.000000,0.900000,1.104097,-0.141314,0.954318
682,400,500,7.000000,4.000000,0.950000,1.066519,-0.078347,0.949388
683,400,500,7.000000,4.000000,1.000000,1.033495,-0.020424,0.943710
684,400,500,8.000000,4.500000,0.100000,3.649069,-4.655337,0.996067
685,400,500,8.000000,4.500000,0.150000,2.976257,-3.445223,0.986498
686,400,500,8.000000,4.500000,0.200000,2.585305,-2.732890,0.976550
687,400,500,8.000000,4.500000,0.250000,2.300635,-2.224187,0.969501
688,400,500,8.000000,4.500000,0.300000,2.093144,-1.850704,0.962648
689,400,500,8.000000,4.500000,0.350000,1.924611,-1.554293,0.958207
690,400,500,8.000000,4.500000,0.400000,1.795162,-1.321027,0.953938
691,400,500,8.000000,4.500000,0.450000,1.687411,-1.129667,0.951803
692,400,500,8.000000,4.500000,0.500000,1.587826,-0.958773,0.949739
693,400,500,8.000000,4.500000,0.550000,1.502503,-0.810024,0.947139
694,400,500,8.000000,4.500000,0.600000,1.427385,-0.680805,0.944660
695,400,500,8.000000,4.500000,0.650000,1.361413,-0.566512,0.943217
696,400,500,8.000000,4.500000,0.700000,1.302832,-0.467469,0.940814
697,400,500,8.000000,4.500000,0.750000,1.248894,-0.376294,0.939268
698,400,500,8.000000,4.500000,0.800000,1.197566,-0.290980,0.939867
699,400,500,8.000000,4.500000,0.850000,1.150940,-0.214225,0.937933
700,400,500,8.000000,4.500000,0.900000,1.108115,-0.144142,0.934972
701,400,500,8.000000,4.500000,0.950000,1.071047,-0.081058,0.929464
702,400,500,8.000000,4.500000,1.000000,1.038475,-0.023675,0.921843
703,400,500,9.000000,5.000000,0.100000,3.674235,-4.689741,0.990707
704,400,500,9.000000,5.000000,0.150000,3.029802,-3.517275,0.975124
705,400,500,9.000000,5.000000,0.200000,2.603874,-2.755366,0.957241
706,400,500,9.000000,5.000000,0.250000,2.335148,-2.265070,0.946575
707,400,500,9.000000,5.000000,0.300000,2.109580,-1.871786,0.944442
708,400,500,9.000000,5.000000,0.350000,1.947507,-1.581350,0.939637
709,400,500,9.000000,5.000000,0.400000,1.814587,-1.344747,0.932116
710,400,500,9.000000,5.000000,0.450000,1.697254,-1.139798,0.928188
711,400,500,9.000000,5.000000,0.500000,1.595647,-0.964233,0.926662
712,400,500,9.000000,5.000000,0.550000,1.513234,-0.820623,0.925075
713,400,500,9.000000,5.000000,0.600000,1.435151,-0.687766,0.922484
714,400,500,9.000000,5.000000,0.650000,1.368518,-0.573253,0.921098
715,400,500,9.000000,5.000000,0.700000,1.310714,-0.473459,0.919392
716,400,500,9.000000,5.000000,0.750000,1.252469,-0.377114,0.919032
717,400,500,9.000000,5.000000,0.800000,1.204206,-0.295213,0.917184
718,400,500,9.000000,5.000000,0.850000,1.156043,-0.217366,0.916907
719,400,500,9.000000,5.000000,0.900000,1.115286,-0.149015,0.912979
720,400,500,9.000000,5.000000,0.950000,1.077197,-0.085473,0.906896
721,400,500,9.000000,5.000000,1.000000,1.043794,-0.027174,0.898138
722,400,500,10.000000,5.500000,0.100000,3.811508,-4.884374,0.982264
723,400,500,10.000000,5.500000,0.150000,3.051881,-3.546016,0.951213
724,400,500,10.000000,5.500000,0.200000,2.642363,-2.804139,0.941471
725,400,500,10.000000,5.500000,0.250000,2.346479,-2.283259,0.927045
726,400,500,10.000000,5.500000,0.300000,2.137328,-1.904077,0.913840
727,400,500,10.000000,5.500000,0.350000,1.956203,-1.589765,0.912529
728,400,500,10.000000,5.500000,0.400000,1.819134,-1.348037,0.906787
729,400,500,10.000000,5.500000,0.450000,1.701718,-1.142704,0.905063
730,400,500,10.000000,5.500000,0.500000,1.604157,-0.972403,0.902649
731,400,500,10.000000,5.500000,0.550000,1.521970,-0.828466,0.900877
732,400,500,10.000000,5.500000,0.600000,1.445695,-0.697451,0.898677
733,400,500,10.000000,5.500000,0.650000,1.377567,-0.581305,0.897714
734,400,500,10.000000,5.500000,0.700000,1.317510,-0.478417,0.896196
735,400,500,10.000000,5.500000,0.750000,1.264069,-0.387800,0.892451
736,400,500,10.000000,5.500000,0.800000,1.211051,-0.301220,0.892445
737,400,500,10.000000,5.500000,0.850000,1.163349,-0.222704,0.890202
738,400,500,10.000000,5.500000,0.900000,1.118915,-0.150673,0.890565
739,400,500,10.000000,5.500000,0.950000,1.083081,-0.089771,0.880761
740,400,500,10.000000,5.500000,1.000000,1.049454,-0.030950,0.869570
741,400,500,11.000000,6.000000,0.100000,3.838092,-4.929761,0.967766
742,400,500,11.000000,6.000000,0.150000,3.087736,-3.592696,0.938896
743,400,500,11.000000,6.000000,0.200000,2.676901,-2.849342,0.912216
744,400,500,11.000000,6.000000,0.250000,2.371544,-2.311215,0.899532
745,400,500,11.000000,6.000000,0.300000,2.152663,-1.919633,0.891454
746,400,500,11.000000,6.000000,0.350000,1.977153,-1.614382,0.886704
747,400,500,11.000000,6.000000,0.400000,1.831916,-1.361236,0.880975
748,400,500,11.000000,6.000000,0.450000,1.722803,-1.165710,0.880393
749,400,500,11.000000,6.000000,0.500000,1.620988,-0.990231,0.875369
750,400,500,11.000000,6.000000,0.550000,1.529989,-0.835515,0.871877
751,400,500,11.000000,6.000000,0.600000,1.455781,-0.706526,0.870033
752,400,500,11.000000,6.000000,0.650000,1.386315,-0.588445,0.873738
753,400,500,11.000000,6.000000,0.700000,1.324415,-0.483485,0.868841
754,400,500,11.000000,6.000000,0.750000,1.270216,-0.392647,0.868994
755,400,500,11.000000,6.000000,0.800000,1.216101,-0.304040,0.868049
756,400,500,11.000000,6.000000,0.850000,1.170731,-0.228047,0.866001
757,400,500,11.000000,6.000000,0.900000,1.126089,-0.156302,0.865497
758,400,500,11.000000,6.000000,0.950000,1.087975,-0.092335,0.852356
759,400,500,11.000000,6.000000,1.000000,1.055843,-0.035382,0.841394
760,500,500,2.000000,1.500000,0.100000,3.441296,-4.610954,0.999003
761,500,500,2.000000,1.500000,0.150000,2.806716,-3.396039,0.999425
762,500,500,2.000000,1.500000,0.200000,2.426868,-2.672010,0.999526
763,500,500,2.000000,1.500000,0.250000,2.184523,-2.199348,0.999613
764,500,500,2.000000,1.500000,0.300000,1.996416,-1.834098,0.999725
765,500,500,2.000000,1.500000,0.350000,1.839580,-1.538516,0.999755
766,500,500,2.000000,1.500000,0.400000,1.719900,-1.310458,0.999762
767,500,500,2.000000,1.500000,0.450000,1.612736,-1.109014,0.999778
768,500,500,2.000000,1.500000,0.500000,1.528550,-0.947861,0.999848
769,500,500,2.000000,1.500000,0.550000,1.448511,-0.799038,0.999821
770,500,500,2.000000,1.500000,0.600000,1.382078,-0.674663,0.999814
771,500,500,2.000000,1.500000,0.650000,1.319414,-0.559192,0.999813
772,500,500,2.000000,1.500000,0.700000,1.262163,-0.455358,0.999835
773,500,500,2.000000,1.500000,0.750000,1.211073,-0.362501,0.999843
774,500,500,2.000000,1.500000,0.800000,1.164819,-0.279069,0.999825
775,500,500,2.000000,1.500000,0.850000,1.120109,-0.201029,0.999790
776,500,500,2.000000,1.500000,0.900000,1.079162,-0.128906,0.999745
777,500,500,2.000000,1.500000,0.950000,1.042007,-0.064005,0.999758
778,500,500,2.000000,1.500000,1.000000,1.005849,-0.002341,0.999694
779,500,500,3.000000,2.000000,0.100000,3.435557,-4.601006,0.998991
780,500,500,3.000000,2.000000,0.150000,2.824833,-3.414696,0.999333
781,500,500,3.000000,2.000000,0.200000,2.465585,-2.719478,0.999503
782,500,500,3.000000,2.000000,0.250000,2.203050,-2.219177,0.999654
783,500,500,3.000000,2.000000,0.300000,2.008893,-1.849506,0.999673
784,500,500,3.000000,2.000000,0.350000,1.858111,-1.563125,0.999684
785,500,500,3.000000,2.000000,0.400000,1.727805,-1.319284,0.999707
786,500,500,3.000000,2.000000,0.450000,1.626072,-1.125121,0.999548
787,500,500,3.000000,2.000000,0.500000,1.536645,-0.955964,0.999552
788,500,500,3.000000,2.000000,0.550000,1.454109,-0.803593,0.999405
789,500,500,3.000000,2.000000,0.600000,1.385535,-0.677024,0.999390
790,500,500,3.000000,2.000000,0.650000,1.323841,-0.562013,0.999261
791,500,500,3.000000,2.000000,0.700000,1.269280,-0.461771,0.999141
792,500,500,3.000000,2.000000,0.750000,1.215872,-0.366017,0.998725
793,500,500,3.000000,2.000000,0.800000,1.168931,-0.281708,0.998724
794,500,500,3.000000,2.000000,0.850000,1.124881,-0.203783,0.998593
795,500,500,3.000000,2.000000,0.900000,1.083314,-0.131698,0.998493
796,500,500,3.000000,2.000000,0.950000,1.044693,-0.065216,0.998299
797,500,500,3.000000,2.000000,1.000000,1.009062,-0.004037,0.997993
798,500,500,4.000000,2.500000,0.100000,3.497406,-4.690195,0.998884
799,500,500,4.000000,2.500000,0.150000,2.865174,-3.478350,0.999212
800,500,500,4.000000,2.500000,0.200000,2.476144,-2.732804,0.999392
801,500,500,4.000000,2.500000,0.250000,2.213325,-2.232897,0.999401
802,500,500,4.000000,2.500000,0.300000,2.016709,-1.860143,0.999346
803,500,500,4.000000,2.500000,0.350000,1.858854,-1.560711,0.999225
804,500,500,4.000000,2.500000,0.400000,1.737781,-1.329804,0.998774
805,500,500,4.000000,2.500000,0.450000,1.628519,-1.125332,0.998625
806,500,500,4.000000,2.500000,0.500000,1.543477,-0.961936,0.998058
807,500,500,4.000000,2.500000,0.550000,1.461104,-0.811878,0.997565
808,500,500,4.000000,2.500000,0.600000,1.391117,-0.682084,0.997375
809,500,500,4.000000,2.500000,0.650000,1.328424,-0.566592,0.996886
810,500,500,4.000000,2.500000,0.700000,1.273255,-0.464579,0.996523
811,500,500,4.000000,2.500000,0.750000,1.218682,-0.368123,0.996036
812,500,500,4.000000,2.500000,0.800000,1.172321,-0.283984,0.995827
813,500,500,4.000000,2.500000,0.850000,1.128364,-0.206219,0.994958
814,500,500,4.000000,2.500000,0.900000,1.087595,-0.134888,0.994616
815,500,500,4.000000,2.500000,0.950000,1.048705,-0.067695,0.994083
816,500,500,4.000000,2.500000,1.000000,1.012389,-0.006067,0.994218
817,500,500,5.000000,3.000000,0.100000,3.528427,-4.736769,0.998906
818,500,500,5.000000,3.000000,0.150000,2.875576,-3.490582,0.999122
819,500,500,5.000000,3.000000,0.200000,2.487878,-2.748973,0.998847
820,500,500,5.000000,3.000000,0.250000,2.222556,-2.242923,0.998478
821,500,500,5.000000,3.000000,0.300000,2.029260,-1.873695,0.998002
822,500,500,5.000000,3.000000,0.350000,1.873960,-1.578937,0.997010
823,500,500,5.000000,3.000000,0.400000,1.744197,-1.333452,0.995625
824,500,500,5.000000,3.000000,0.450000,1.634429,-1.130754,0.995130
825,500,500,5.000000,3.000000,0.500000,1.549487,-0.969045,0.994071
826,500,500,5.000000,3.000000,0.550000,1.467181,-0.816475,0.993174
827,500,500,5.000000,3.000000,0.600000,1.399950,-0.690606,0.991919
828,500,500,5.000000,3.000000,0.650000,1.332538,-0.569320,0.991843
829,500,500,5.000000,3.000000,0.700000,1.277037,-0.467056,0.991242
830,500,500,5.000000,3.000000,0.750000,1.225861,-0.374360,0.991035
831,500,500,5.000000,3.000000,0.800000,1.177976,-0.288375,0.989920
832,500,500,5.000000,3.000000,0.850000,1.133538,-0.209994,0.989297
833,500,500,5.000000,3.000000,0.900000,1.090590,-0.136520,0.988661
834,500,500,5.000000,3.000000,0.950000,1.053177,-0.070745,0.987985
835,500,500,5.000000,3.000000,1.000000,1.016024,-0.008184,0.987502
836,500,500,6.000000,3.500000,0.100000,3.567422,-4.793009,0.998856
837,500,500,6.000000,3.500000,0.150000,2.890815,-3.511082,0.998864
838,500,500,6.000000,3.500000,0.200000,2.509354,-2.778519,0.996769
839,500,500,6.000000,3.500000,0.250000,2.239484,-2.265502,0.995203
840,500,500,6.000000,3.500000,0.300000,2.042441,-1.887385,0.993895
841,500,500,6.000000,3.500000,0.350000,1.888776,-1.596662,0.991454
842,500,500,6.000000,3.500000,0.400000,1.757284,-1.349235,0.989852
843,500,500,6.000000,3.500000,0.450000,1.651226,-1.151102,0.987507
844,500,500,6.000000,3.500000,0.500000,1.559371,-0.978313,0.986768
845,500,500,6.000000,3.500000,0.550000,1.474073,-0.822318,0.985877
846,500,500,6.000000,3.500000,0.600000,1.407149,-0.696362,0.984275
847,500,500,6.000000,3.500000,0.650000,1.339703,-0.576082,0.982619
848,500,500,6.000000,3.500000,0.700000,1.283380,-0.472976,0.982412
849,500,500,6.000000,3.500000,0.750000,1.231492,-0.378927,0.981728
850,500,500,6.000000,3.500000,0.800000,1.181603,-0.291415,0.980054
851,500,500,6.000000,3.500000,0.850000,1.137230,-0.212413,0.979986
852,500,500,6.000000,3.500000,0.900000,1.094850,-0.138981,0.979290
853,500,500,6.000000,3.500000,0.950000,1.056132,-0.072318,0.978456
854,500,500,6.000000,3.500000,1.000000,1.019513,-0.010154,0.978308
855,500,500,7.000000,4.000000,0.100000,3.574472,-4.799472,0.998396
856,500,500,7.000000,4.000000,0.150000,2.939517,-3.579334,0.996956
857,500,500,7.000000,4.000000,0.200000,2.518403,-2.790278,0.993726
858,500,500,7.000000,4.000000,0.250000,2.266263,-2.300910,0.989408
859,500,500,7.000000,4.000000,0.300000,2.055810,-1.906894,0.986332
860,500,500,7.000000,4.000000,0.350000,1.898197,-1.607367,0.983471
861,500,500,7.000000,4.000000,0.400000,1.768423,-1.363018,0.980087
862,500,500,7.000000,4.000000,0.450000,1.663786,-1.164335,0.978481
863,500,500,7.000000,4.000000,0.500000,1.566869,-0.986443,0.976429
864,500,500,7.000000,4.000000,0.550000,1.485021,-0.833893,0.975549
865,500,500,7.000000,4.000000,0.600000,1.414413,-0.703216,0.972368
866,500,500,7.000000,4.000000,0.650000,1.345276,-0.579809,0.971198
867,500,500,7.000000,4.000000,0.700000,1.289488,-0.478516,0.970203
868,500,500,7.000000,4.000000,0.750000,1.236770,-0.382565,0.969327
869,500,500,7.000000,4.000000,0.800000,1.187900,-0.295503,0.968282
870,500,500,7.000000,4.000000,0.850000,1.142936,-0.217056,0.968423
871,500,500,7.000000,4.000000,0.900000,1.099490,-0.142268,0.967406
872,500,500,7.000000,4.000000,0.950000,1.060429,-0.075362,0.966864
873,500,500,7.000000,4.000000,1.000000,1.023441,-0.012461,0.966573
874,500,500,8.000000,4.500000,0.100000,3.615886,-4.866758,0.997510
875,500,500,8.000000,4.500000,0.150000,2.957898,-3.607290,0.991954
876,500,500,8.000000,4.500000,0.200000,2.563274,-2.849798,0.984328
877,500,500,8.000000,4.500000,0.250000,2.286562,-2.328121,0.978487
878,500,500,8.000000,4.500000,0.300000,2.082010,-1.939465,0.974631
879,500,500,8.000000,4.500000,0.350000,1.911633,-1.622093,0.969870
880,500,500,8.000000,4.500000,0.400000,1.775815,-1.369047,0.967546
881,500,500,8.000000,4.500000,0.450000,1.670574,-1.169508,0.964643
882,500,500,8.000000,4.500000,0.500000,1.574193,-0.992690,0.961685
883,500,500,8.000000,4.500000,0.550000,1.493417,-0.844156,0.960255
884,500,500,8.000000,4.500000,0.600000,1.417842,-0.706262,0.957813
885,500,500,8.000000,4.500000,0.650000,1.354668,-0.590031,0.957253
886,500,500,8.000000,4.500000,0.700000,1.295608,-0.483068,0.956075
887,500,500,8.000000,4.500000,0.750000,1.242918,-0.388199,0.955561
888,500,500,8.000000,4.500000,0.800000,1.193101,-0.300326,0.952535
889,500,500,8.000000,4.500000,0.850000,1.147234,-0.220041,0.954181
890,500,500,8.000000,4.500000,0.900000,1.105511,-0.147532,0.953622
891,500,500,8.000000,4.500000,0.950000,1.064297,-0.077577,0.952192
892,500,500,8.000000,4.500000,1.000000,1.027470,-0.015011,0.951928
893,500,500,9.000000,5.000000,0.100000,3.668524,-4.943649,0.994324
894,500,500,9.000000,5.000000,0.150000,2.989885,-3.654502,0.983743
895,500,500,9.000000,5.000000,0.200000,2.577396,-2.868283,0.971539
896,500,500,9.000000,5.000000,0.250000,2.302516,-2.342846,0.965689
897,500,500,9.000000,5.000000,0.300000,2.091732,-1.951198,0.957059
898,500,500,9.000000,5.000000,0.350000,1.928939,-1.644168,0.955241
899,500,500,9.000000,5.000000,0.400000,1.795589,-1.393796,0.949667
900,500,500,9.000000,5.000000,0.450000,1.683626,-1.185294,0.948311
901,500,500,9.000000,5.000000,0.500000,1.585905,-1.004205,0.945761
902,500,500,9.000000,5.000000,0.550000,1.501440,-0.850674,0.942833
903,500,500,9.000000,5.000000,0.600000,1.427395,-0.715043,0.940253
904,500,500,9.000000,5.000000,0.650000,1.360667,-0.595404,0.940759
905,500,500,9.000000,5.000000,0.700000,1.302990,-0.489790,0.938159
906,500,500,9.000000,5.000000,0.750000,1.247753,-0.391945,0.939151
907,500,500,9.000000,5.000000,0.800000,1.197283,-0.302483,0.936771
908,500,500,9.000000,5.000000,0.850000,1.150405,-0.221479,0.935945
909,500,500,9.000000,5.000000,0.900000,1.109537,-0.149735,0.935987
910,500,500,9.000000,5.000000,0.950000,1.069256,-0.081206,0.935915
911,500,500,9.000000,5.000000,1.000000,1.031164,-0.017110,0.934840
912,500,500,10.000000,5.500000,0.100000,3.743748,-5.059857,0.987019
913,500,500,10.000000,5.500000,0.150000,3.025343,-3.701857,0.972067
914,500,500,10.000000,5.500000,0.200000,2.612174,-2.916518,0.957134
915,500,500,10.000000,5.500000,0.250000,2.316312,-2.365927,0.945660
916,500,500,10.000000,5.500000,0.300000,2.107265,-1.968182,0.937768
917,500,500,10.000000,5.500000,0.350000,1.940529,-1.658491,0.934524
918,500,500,10.000000,5.500000,0.400000,1.803575,-1.403479,0.931017
919,500,500,10.000000,5.500000,0.450000,1.690209,-1.192172,0.928611
920,500,500,10.000000,5.500000,0.500000,1.589125,-1.008043,0.924714
921,500,500,10.000000,5.500000,0.550000,1.509470,-0.858145,0.922555
922,500,500,10.000000,5.500000,0.600000,1.438301,-0.727379,0.921223
923,500,500,10.000000,5.500000,0.650000,1.368902,-0.602957,0.920614
924,500,500,10.000000,5.500000,0.700000,1.309930,-0.494744,0.919913
925,500,500,10.000000,5.500000,0.750000,1.256132,-0.399655,0.918700
926,500,500,10.000000,5.500000,0.800000,1.204271,-0.309165,0.919173
927,500,500,10.000000,5.500000,0.850000,1.157644,-0.227602,0.918598
928,500,500,10.000000,5.500000,0.900000,1.112087,-0.150403,0.917441
929,500,500,10.000000,5.500000,0.950000,1.072699,-0.083238,0.917468
930,500,500,10.000000,5.500000,1.000000,1.035327,-0.019653,0.915950
931,500,500,11.000000,6.000000,0.100000,3.756802,-5.079360,0.977063
932,500,500,11.000000,6.000000,0.150000,3.053699,-3.742692,0.957668
933,500,500,11.000000,6.000000,0.200000,2.615168,-2.920108,0.940204
934,500,500,11.000000,6.000000,0.250000,2.330106,-2.381086,0.927909
935,500,500,11.000000,6.000000,0.300000,2.120706,-1.984397,0.917312
936,500,500,11.000000,6.000000,0.350000,1.958515,-1.678461,0.913525
937,500,500,11.000000,6.000000,0.400000,1.820498,-1.421306,0.906694
938,500,500,11.000000,6.000000,0.450000,1.700783,-1.203384,0.905812
939,500,500,11.000000,6.000000,0.500000,1.603991,-1.024342,0.902801
940,500,500,11.000000,6.000000,0.550000,1.516810,-0.865619,0.899769
941,500,500,11.000000,6.000000,0.600000,1.440292,-0.726467,0.900830
942,500,500,11.000000,6.000000,0.650000,1.373224,-0.605238,0.900745
943,500,500,11.000000,6.000000,0.700000,1.315451,-0.499677,0.898535
944,500,500,11.000000,6.000000,0.750000,1.257002,-0.398645,0.898782
945,500,500,11.000000,6.000000,0.800000,1.208512,-0.312236,0.897268
946,500,500,11.000000,6.000000,0.850000,1.162081,-0.230455,0.897068
947,500,500,11.000000,6.000000,0.900000,1.118785,-0.155864,0.897123
948,500,500,11.000000,6.000000,0.950000,1.077359,-0.086238,0.897081
949,500,500,11.000000,6.000000,1.000000,1.039167,-0.021953,0.895693
