,m,n,p,snr,nsspecfit_slope,nsspecfit_intercept,nsspecfit_r2
0,10,50,0.1,1.0,4.635821065907692,-4.773339968093557,0.9364659198433205
1,10,50,0.1,2.0,4.058125562478997,-4.165048769254477,0.9260650012513375
2,10,50,0.1,3.0,4.422535208912485,-4.535426719275228,0.8776791653004494
3,10,50,0.1,4.0,5.730299715959807,-5.944445870509883,0.8765007006811242
4,10,50,0.1,5.0,5.986260978105784,-6.23928591412156,0.9456592469074355
5,10,50,0.1,6.0,7.213615759312022,-7.469434956660303,0.8406607272193739
6,10,50,0.1,7.0,8.494491035193098,-8.928163076693505,0.9266048778781402
7,10,50,0.1,8.0,14.74978753455984,-15.528448523606153,0.9155700795421928
8,10,50,0.1,9.0,7.964495799720803,-8.084813979310294,0.9287892715265235
9,10,50,0.1,10.0,7.977364777352912,-8.105062263767312,0.9532632647195582
10,10,50,0.15,1.0,3.464773748356881,-3.3306110107635964,0.9578400997106122
11,10,50,0.15,2.0,2.9254733891505884,-2.701478354249349,0.9216710244451797
12,10,50,0.15,3.0,4.206736121536434,-4.063348360319798,0.9094287406569252
13,10,50,0.15,4.0,4.925500501231169,-4.797070503165951,0.9138957038625989
14,10,50,0.15,5.0,4.541518497822104,-4.413850301319051,0.8839758895825991
15,10,50,0.15,6.0,5.052598273783947,-4.775958341237937,0.9090926592524788
16,10,50,0.15,7.0,5.008310446881978,-4.647064253654382,0.8940161124969277
17,10,50,0.15,8.0,5.809886109523044,-5.649012386641376,0.8855984957408836
18,10,50,0.15,9.0,7.8568015992898,-7.710765852142268,0.8757345368969975
19,10,50,0.15,10.0,6.581344671750654,-6.166516580511788,0.882747000791548
20,10,50,0.2,1.0,2.6902803081059274,-2.339144215447009,0.9381366428912472
21,10,50,0.2,2.0,2.6966802765649955,-2.3317356508853275,0.9218880149802354
22,10,50,0.2,3.0,2.7503467132671866,-2.326769572464598,0.937443820785616
23,10,50,0.2,4.0,3.2426072216154567,-2.7532354568261628,0.9238501882435652
24,10,50,0.2,5.0,4.134747629556915,-3.6635536887054676,0.9036057010295184
25,10,50,0.2,6.0,3.4853984841758794,-3.0010684533743635,0.9072099468411862
26,10,50,0.2,7.0,4.03272147934,-3.5775506276146585,0.9375759323064804
27,10,50,0.2,8.0,4.600298796809904,-4.165105837230437,0.9302214477725365
28,10,50,0.2,9.0,4.497034493200773,-3.9180223303150505,0.9103547553443162
29,10,50,0.2,10.0,4.5407428580595965,-4.061590804760046,0.9185105913990645
30,10,50,0.25,1.0,2.2440704292591063,-1.7397252155953322,0.9390865228220701
31,10,50,0.25,2.0,2.4151463604382606,-1.9067350714699018,0.9287292575950623
32,10,50,0.25,3.0,3.088189333379429,-2.6451056126690236,0.9300721232260235
33,10,50,0.25,4.0,2.9913291712812975,-2.4212565235905807,0.9384901626942129
34,10,50,0.25,5.0,2.9988043466924075,-2.4624474980206656,0.9300144225484797
35,10,50,0.25,6.0,2.428278432435223,-1.9183574784076938,0.9181578318186927
36,10,50,0.25,7.0,3.4682095819419025,-2.9023030646614485,0.9008514600943034
37,10,50,0.25,8.0,3.1561488174066517,-2.612008965821376,0.9292239087597146
38,10,50,0.25,9.0,3.309676976244942,-2.710825211761357,0.9397055094008044
39,10,50,0.25,10.0,3.554170685597761,-2.9800052003123687,0.9133151742847497
40,10,50,0.3,1.0,2.106670194920797,-1.5243313309706825,0.9499717275004365
41,10,50,0.3,2.0,2.046982189542198,-1.442433035319775,0.9533290991563581
42,10,50,0.3,3.0,2.332454829210825,-1.7184191122500507,0.9203467248141062
43,10,50,0.3,4.0,2.2188836919026365,-1.60391284761102,0.8825454586666
44,10,50,0.3,5.0,2.5877081792477012,-1.9437147573277276,0.9319194071558448
45,10,50,0.3,6.0,2.8067132993252626,-2.1454365801271096,0.9335981475147108
46,10,50,0.3,7.0,2.731947644808929,-2.0696911774835525,0.9312772180974317
47,10,50,0.3,8.0,2.8378390829193028,-2.2219009844288915,0.9424104385106797
48,10,50,0.3,9.0,3.1076504905081537,-2.4958908742315886,0.9358598594882844
49,10,50,0.3,10.0,2.9433708320713174,-2.291940764202365,0.9229355380017978
50,10,50,0.35,1.0,1.9404070909152942,-1.3085275658974314,0.9546157713528528
51,10,50,0.35,2.0,2.047202879645705,-1.3715695367306655,0.9424859937049973
52,10,50,0.35,3.0,2.1925574021502565,-1.5446335872860104,0.9535525849350271
53,10,50,0.35,4.0,2.262058659123719,-1.5765573268040511,0.9268680779602537
54,10,50,0.35,5.0,2.2175899258128267,-1.5449418163862148,0.9293840865449964
55,10,50,0.35,6.0,2.3116335232817358,-1.6677779804656878,0.917818136746012
56,10,50,0.35,7.0,2.3852844679270646,-1.673306423276864,0.9430042869917374
57,10,50,0.35,8.0,2.376027216403307,-1.7182553120758748,0.9447129958389349
58,10,50,0.35,9.0,2.4113876899404536,-1.6624541552314245,0.9505243027432682
59,10,50,0.35,10.0,2.2834199231473438,-1.596925243391052,0.9546499703750768
60,10,50,0.4,1.0,1.6402944910111397,-0.985771237663057,0.9622130748941201
61,10,50,0.4,2.0,1.7751167445046547,-1.0960331280049906,0.9492930927542458
62,10,50,0.4,3.0,1.8346395467031822,-1.1449953744033952,0.9475679040897056
63,10,50,0.4,4.0,1.8097367405289995,-1.1120522002041047,0.9544586838344712
64,10,50,0.4,5.0,2.035428039194497,-1.3110016315039066,0.9436683003494645
65,10,50,0.4,6.0,2.1325518800250722,-1.4153031464182628,0.9602367468501314
66,10,50,0.4,7.0,2.0957364656471733,-1.4010334674517462,0.9382257114027546
67,10,50,0.4,8.0,2.052148035451053,-1.3625694976189635,0.9564744656681456
68,10,50,0.4,9.0,2.245914048369811,-1.5426847071183938,0.9604247730225198
69,10,50,0.4,10.0,2.3828156949735733,-1.6159992968387447,0.9205307917964639
70,10,50,0.45,1.0,1.5997563550789953,-0.9062151242572736,0.9587301572273471
71,10,50,0.45,2.0,1.7703593728635707,-1.0448309933451219,0.969245902692963
72,10,50,0.45,3.0,1.7377521906597413,-1.00461991963225,0.9499475793848479
73,10,50,0.45,4.0,1.8598655099894579,-1.1139494251375506,0.9431524839812676
74,10,50,0.45,5.0,1.8136657927978117,-1.0816210920277534,0.9587890468424272
75,10,50,0.45,6.0,1.8528157495855262,-1.105521824568512,0.9677420111987646
76,10,50,0.45,7.0,1.931022010893874,-1.1672686725106707,0.9470897129302165
77,10,50,0.45,8.0,1.8854499765603556,-1.1157220818081564,0.9648359039459329
78,10,50,0.45,9.0,1.9207214879812302,-1.1617383157582397,0.940516366019194
79,10,50,0.45,10.0,1.9314160183056697,-1.1615187436151517,0.9391671915492479
80,10,50,0.5,1.0,1.576704873349753,-0.8266947798482291,0.9694346409047128
81,10,50,0.5,2.0,1.5395640884966588,-0.7836343186550097,0.9555043428042937
82,10,50,0.5,3.0,1.7492230556089723,-0.97980563723413,0.9586435360069302
83,10,50,0.5,4.0,1.890169754506348,-1.1301823197272713,0.958065924631958
84,10,50,0.5,5.0,1.7439425657056922,-0.931001973745019,0.9538774382325854
85,10,50,0.5,6.0,1.853086111848278,-1.0665319149424328,0.9634452948571699
86,10,50,0.5,7.0,1.7403760086670048,-0.9631482552279707,0.9541370445838095
87,10,50,0.5,8.0,1.8740409222444772,-1.072253363942282,0.9509961837915821
88,10,50,0.5,9.0,1.7473726379730543,-0.9521855604637566,0.9690310862768253
89,10,50,0.5,10.0,1.797054939560099,-1.0113586794398315,0.9583410426508324
90,10,50,0.55,1.0,1.3279626095724641,-0.565947671106183,0.9573514475009292
91,10,50,0.55,2.0,1.553912069203049,-0.7518685087786159,0.9613867523599948
92,10,50,0.55,3.0,1.6367367876978662,-0.8442110332111248,0.9733518549963083
93,10,50,0.55,4.0,1.6981768884484922,-0.8904796269313653,0.968064703852594
94,10,50,0.55,5.0,1.488908135115761,-0.6617700107985479,0.95599122560353
95,10,50,0.55,6.0,1.6384609942418613,-0.8258198515332488,0.9416455305552397
96,10,50,0.55,7.0,1.582265765491313,-0.775229321595636,0.9697386179722937
97,10,50,0.55,8.0,1.7065434218038789,-0.890272040887585,0.9560886000479165
98,10,50,0.55,9.0,1.666741533383016,-0.863291309839223,0.9622839133630473
99,10,50,0.55,10.0,1.556172260452114,-0.7565000727405199,0.9477271874269997
100,10,50,0.6,1.0,1.3415269757872474,-0.5268466835769502,0.9634097284036958
101,10,50,0.6,2.0,1.5452466305174883,-0.7193306021869565,0.9666382575472184
102,10,50,0.6,3.0,1.4446126071540082,-0.62747122488114,0.9579944890952999
103,10,50,0.6,4.0,1.662559743993111,-0.7966361824953132,0.9619180340552272
104,10,50,0.6,5.0,1.629650759306433,-0.786677234821396,0.9557853360422934
105,10,50,0.6,6.0,1.5766762907167977,-0.7407197046567049,0.9663435658282526
106,10,50,0.6,7.0,1.7492570667841836,-0.8718333453956546,0.9565392909241851
107,10,50,0.6,8.0,1.471904849198352,-0.6374154199593505,0.9465748037092808
108,10,50,0.6,9.0,1.4837454741474836,-0.6522940030310533,0.9426884257100634
109,10,50,0.6,10.0,1.5252286298478375,-0.6651725228957039,0.9370392190133968
110,10,50,0.65,1.0,1.312274079852002,-0.4881143586199177,0.9617453597943879
111,10,50,0.65,2.0,1.4109034737183044,-0.5635806316585372,0.9585344555245865
112,10,50,0.65,3.0,1.3876981205844838,-0.5205093973479945,0.9549201618378275
113,10,50,0.65,4.0,1.4116381865240992,-0.5508484512759813,0.9506916259029158
114,10,50,0.65,5.0,1.4447995109477838,-0.575098950536612,0.9720609911063178
115,10,50,0.65,6.0,1.4915720047191663,-0.6256790682684168,0.9464704866921286
116,10,50,0.65,7.0,1.3412881132041574,-0.48456938549859097,0.9565206673249478
117,10,50,0.65,8.0,1.3912105292162014,-0.5384901097597139,0.9505043018526065
118,10,50,0.65,9.0,1.5037533617329377,-0.6425038617146643,0.9579772503347161
119,10,50,0.65,10.0,1.4856001901623064,-0.6103577067630745,0.9617981961497879
120,10,50,0.7,1.0,1.3005874317568948,-0.4484444601047534,0.9624184147876615
121,10,50,0.7,2.0,1.3218814509663621,-0.4419982454184634,0.9660794637496275
122,10,50,0.7,3.0,1.3934132088379152,-0.5124715995451634,0.9728908420465124
123,10,50,0.7,4.0,1.2861860024419118,-0.3915686684521214,0.9733061215335072
124,10,50,0.7,5.0,1.3795001565646463,-0.4990607872165823,0.9596956397751008
125,10,50,0.7,6.0,1.2082408894539856,-0.3314134240810601,0.9596728120323889
126,10,50,0.7,7.0,1.362280232207413,-0.4766414489700903,0.9660336843161778
127,10,50,0.7,8.0,1.3411859879287107,-0.44799885818713686,0.9433224987200208
128,10,50,0.7,9.0,1.333525803596459,-0.4257791773788829,0.9677782191871375
129,10,50,0.7,10.0,1.2724120164443744,-0.37530877996585954,0.9494623908028321
130,10,50,0.75,1.0,1.2632656751113895,-0.36186744809608706,0.9732022504516857
131,10,50,0.75,2.0,1.3009476061884717,-0.3837062166298521,0.9556654047916442
132,10,50,0.75,3.0,1.3593285866423372,-0.4425748283422112,0.9626144192359458
133,10,50,0.75,4.0,1.2936492154840402,-0.3632367199940961,0.9538666765929463
134,10,50,0.75,5.0,1.256688545866846,-0.332879610435513,0.9628891214440646
135,10,50,0.75,6.0,1.3097601251626396,-0.4024519375033129,0.9644887965239318
136,10,50,0.75,7.0,1.3345139180319927,-0.41781532686653045,0.9644581150305418
137,10,50,0.75,8.0,1.3284809323382054,-0.40953367364283955,0.9700162772352628
138,10,50,0.75,9.0,1.33076599247613,-0.4062738100348531,0.9554985289332315
139,10,50,0.75,10.0,1.3969343895724522,-0.45989971435635824,0.9599471802307544
140,10,50,0.8,1.0,1.2077078538271073,-0.2786457709487113,0.9541964580307851
141,10,50,0.8,2.0,1.3133472058782136,-0.3702408383553575,0.9657795481063414
142,10,50,0.8,3.0,1.3433179647215852,-0.38771089850192997,0.9545908450607918
143,10,50,0.8,4.0,1.2484158076102456,-0.30842274854168894,0.9631994343573951
144,10,50,0.8,5.0,1.2701958287335375,-0.32458147186725095,0.9591642699554491
145,10,50,0.8,6.0,1.2624617539574108,-0.33449657868801913,0.9619110826345784
146,10,50,0.8,7.0,1.2463070943590102,-0.2990686796756356,0.9569110569654302
147,10,50,0.8,8.0,1.294073504788815,-0.3640241820911022,0.9683408659017616
148,10,50,0.8,9.0,1.3109553310984476,-0.3719612406743456,0.9693297767977415
149,10,50,0.8,10.0,1.2498751416884066,-0.30077310705954846,0.9739049714481617
150,10,50,0.85,1.0,1.1248101848459515,-0.17924360200075734,0.9709832020761697
151,10,50,0.85,2.0,1.2036335336322377,-0.22455812664497482,0.9711941544700693
152,10,50,0.85,3.0,1.189852855784021,-0.23070340834602643,0.9545396085388855
153,10,50,0.85,4.0,1.183517636046372,-0.20975181048189073,0.9520093829494837
154,10,50,0.85,5.0,1.185338822887936,-0.2205477656797905,0.974858812278257
155,10,50,0.85,6.0,1.1935892422760594,-0.22479709360666736,0.9552930850948383
156,10,50,0.85,7.0,1.2239973595495721,-0.24528306490580776,0.9610100286751942
157,10,50,0.85,8.0,1.1952088920894937,-0.22391426790939625,0.9747661142395107
158,10,50,0.85,9.0,1.190239177625228,-0.21652123271482449,0.973971863511353
159,10,50,0.85,10.0,1.2287840266664225,-0.2619586592046281,0.9628166443537305
160,10,50,0.9,1.0,1.14397991415889,-0.1673035129915606,0.9536495746297289
161,10,50,0.9,2.0,1.1767058263937726,-0.18025926935771652,0.9693616125245429
162,10,50,0.9,3.0,1.1722851334536935,-0.1766490534201083,0.9711004068743705
163,10,50,0.9,4.0,1.1589572247776923,-0.171665490761568,0.9610396134022228
164,10,50,0.9,5.0,1.1632330460735822,-0.16357940461688036,0.9554494119183605
165,10,50,0.9,6.0,1.1778749450383763,-0.1859788781150807,0.9733810223647353
166,10,50,0.9,7.0,1.204939605765888,-0.2094139134478517,0.9590783998517383
167,10,50,0.9,8.0,1.1917329527235665,-0.19836807019269737,0.958113634864797
168,10,50,0.9,9.0,1.1239494947959052,-0.12649292004987062,0.9675484886672049
169,10,50,0.9,10.0,1.1678487548038707,-0.17114137617351086,0.957100139108799
170,10,50,0.95,1.0,1.0623163110684584,-0.05551482383212407,0.9711533357901463
171,10,50,0.95,2.0,1.1395167999957825,-0.11958707978008457,0.9612940442024953
172,10,50,0.95,3.0,1.1131801675434472,-0.09658975678290585,0.9705934985703774
173,10,50,0.95,4.0,1.1466755416981456,-0.1198091228856331,0.9685533207618372
174,10,50,0.95,5.0,1.0815178432161072,-0.06321732337574193,0.9448800373488109
175,10,50,0.95,6.0,1.0680994043133976,-0.065565779363049,0.9736574923337018
176,10,50,0.95,7.0,1.1153830225522543,-0.09327246535701315,0.9635387254253999
177,10,50,0.95,8.0,1.106339977704252,-0.08024503198939689,0.9707509720074354
178,10,50,0.95,9.0,1.1251886550454233,-0.10811338540914935,0.9635094077282771
179,10,50,0.95,10.0,1.1342457045510117,-0.11449049401044345,0.9609953134416971
180,10,50,1.0,1.0,1.0611672490373234,-0.026969908003201613,0.977471072717146
181,10,50,1.0,2.0,1.0701610557101495,-0.027800055831574987,0.9707430968613119
182,10,50,1.0,3.0,1.0792642944738928,-0.0404608495818143,0.9727027383113549
183,10,50,1.0,4.0,1.082702926930346,-0.04907053935001278,0.9745545785880264
184,10,50,1.0,5.0,1.0976110910463297,-0.052756051384519456,0.970414948667411
185,10,50,1.0,6.0,1.08632907169994,-0.034903506719026645,0.9617033459804928
186,10,50,1.0,7.0,1.073303286315651,-0.03062594034099404,0.9711191675322908
187,10,50,1.0,8.0,1.0629474281167666,-0.024795264652627803,0.9801604092985811
188,10,50,1.0,9.0,1.0694138167596439,-0.02092905621401625,0.9585036783464018
189,10,50,1.0,10.0,1.075494057622222,-0.032592672383802104,0.9682612629601189
190,20,50,0.1,1.0,3.6490832401042588,-4.077037158557754,0.8806599141573876
191,20,50,0.1,2.0,3.6556356965115357,-4.036220219382395,0.9339363809452152
192,20,50,0.1,3.0,4.189648337389524,-4.697068926113333,0.9057144048996483
193,20,50,0.1,4.0,4.801856781867064,-5.384390627276776,0.91877616915093
194,20,50,0.1,5.0,4.075616656929551,-4.524744147626729,0.9221232599471623
195,20,50,0.1,6.0,5.005937099541585,-5.684856337596371,0.9221451838835909
196,20,50,0.1,7.0,5.563034660004738,-6.21361967754183,0.9430714591672306
197,20,50,0.1,8.0,6.377550075182489,-7.376539361461181,0.8820945258783807
198,20,50,0.1,9.0,7.116704286282572,-8.130106636476025,0.9353052249880929
199,20,50,0.1,10.0,7.362805297044332,-8.439278170757897,0.9020823037013177
200,20,50,0.15,1.0,2.8029862843264786,-2.786306389718098,0.9306257319475092
201,20,50,0.15,2.0,2.889947617209282,-2.894731359769289,0.9500840584749028
202,20,50,0.15,3.0,3.4327000596256214,-3.511674009862682,0.9292480818685733
203,20,50,0.15,4.0,3.2480317644537515,-3.3054867427866887,0.9431376411553483
204,20,50,0.15,5.0,3.63858438950139,-3.6963569059505614,0.9425989176960157
205,20,50,0.15,6.0,4.087920498251768,-4.247943156812688,0.9609878965916945
206,20,50,0.15,7.0,3.8974264039798476,-3.941836217666051,0.9365420022788342
207,20,50,0.15,8.0,4.157811644136327,-4.3035563804712975,0.95108233342494
208,20,50,0.15,9.0,4.4247160700440755,-4.562454132473286,0.956670274765297
209,20,50,0.15,10.0,4.517730053730669,-4.71273944409601,0.9426881859293073
210,20,50,0.2,1.0,2.439688030410647,-2.2693403948735353,0.9681071273954609
211,20,50,0.2,2.0,2.6419090331495343,-2.457516409181571,0.9510403254389667
212,20,50,0.2,3.0,2.6803662800187205,-2.455310332964987,0.9578921241489595
213,20,50,0.2,4.0,2.8778406075923515,-2.686331850559151,0.9715658231542074
214,20,50,0.2,5.0,3.2429132343913816,-3.072319459068992,0.9568288198748609
215,20,50,0.2,6.0,3.399579462203184,-3.299771393149809,0.9449265828073965
216,20,50,0.2,7.0,3.464895362538466,-3.3334421702392456,0.9519257767015447
217,20,50,0.2,8.0,3.135716878666769,-2.925971491657138,0.9222408276462379
218,20,50,0.2,9.0,3.2994954853495337,-3.1532437487035323,0.9706446267445049
219,20,50,0.2,10.0,3.6984429885043943,-3.594343411221484,0.9434985452989133
220,20,50,0.25,1.0,2.387911591387982,-2.0846182305523038,0.9624665376294061
221,20,50,0.25,2.0,2.3538523662527697,-2.0124669498900563,0.9629328384187874
222,20,50,0.25,3.0,2.537971781966374,-2.149411445578635,0.9679764251759002
223,20,50,0.25,4.0,2.610377006748938,-2.2318847018682164,0.9691069479821095
224,20,50,0.25,5.0,2.8504599494910527,-2.5766984764653156,0.9614060525899907
225,20,50,0.25,6.0,2.7731029971344925,-2.4413819476151857,0.9513281343858344
226,20,50,0.25,7.0,2.6081453649340203,-2.2525917003926432,0.9609498158128755
227,20,50,0.25,8.0,2.729651567052291,-2.394597916795753,0.9618231993830564
228,20,50,0.25,9.0,2.8554410426910146,-2.579512836163794,0.9545185055714628
229,20,50,0.25,10.0,3.0085490189745903,-2.7075377287120324,0.9602389146846028
230,20,50,0.3,1.0,1.9570077812579172,-1.4984169778764558,0.9596708468370186
231,20,50,0.3,2.0,2.0901137049141747,-1.611980895384305,0.9627688841469342
232,20,50,0.3,3.0,2.174003694313961,-1.7023403919015716,0.966823328594138
233,20,50,0.3,4.0,2.357756018891613,-1.8651715154919892,0.9674004879191186
234,20,50,0.3,5.0,2.3077581049352647,-1.8500741314647886,0.9713092085993515
235,20,50,0.3,6.0,2.2930352944950636,-1.8162394723765636,0.9702116840624037
236,20,50,0.3,7.0,2.416254580814718,-1.9325203625647294,0.9731941587724092
237,20,50,0.3,8.0,2.3462137645290797,-1.8603142944889774,0.9608101172782021
238,20,50,0.3,9.0,2.3519832535485334,-1.8528860958825646,0.967341552648854
239,20,50,0.3,10.0,2.6099364475905764,-2.1351361583366035,0.9756763318937459
240,20,50,0.35,1.0,1.8542440106240725,-1.3150720284088395,0.9757748347670138
241,20,50,0.35,2.0,1.8688098095156236,-1.3185965855045318,0.9751362539826725
242,20,50,0.35,3.0,2.069821245760964,-1.5016064995186043,0.9744691895659987
243,20,50,0.35,4.0,1.9954644253335037,-1.4246202495469131,0.9649177662178028
244,20,50,0.35,5.0,2.0538600318725266,-1.4929771220788417,0.9659148468997474
245,20,50,0.35,6.0,2.1705408161720974,-1.6349357066700292,0.9704044702886879
246,20,50,0.35,7.0,2.013899783450906,-1.4550548348009662,0.9712252320670929
247,20,50,0.35,8.0,2.1799337380587533,-1.5883379920585885,0.9636226565814978
248,20,50,0.35,9.0,2.121760757582445,-1.545918163353741,0.9636162003062261
249,20,50,0.35,10.0,2.1099343476316355,-1.5234495828138064,0.9746382156329183
250,20,50,0.4,1.0,1.724160023225475,-1.130947898263591,0.9699956940970693
251,20,50,0.4,2.0,1.7294513278493988,-1.0739272878291215,0.9742423903430115
252,20,50,0.4,3.0,1.859096961097149,-1.2425027357085598,0.976084225054602
253,20,50,0.4,4.0,1.866035731999751,-1.2391608614904754,0.9738914311847621
254,20,50,0.4,5.0,1.9426873163303757,-1.3161737131812503,0.975642508334364
255,20,50,0.4,6.0,1.909828005910311,-1.2744021277573299,0.9688996392803
256,20,50,0.4,7.0,1.9243207745906576,-1.2860832509189801,0.9740177566911937
257,20,50,0.4,8.0,1.9651702149482504,-1.3404142287237082,0.977086253950981
258,20,50,0.4,9.0,1.9654522322559824,-1.3117485887737406,0.9778094223410372
259,20,50,0.4,10.0,2.074141680175824,-1.4488140570998123,0.9798475616741623
260,20,50,0.45,1.0,1.6017515900841732,-0.9470277326431678,0.9819948331584218
261,20,50,0.45,2.0,1.7309936010023956,-1.056814857053451,0.9788944955777051
262,20,50,0.45,3.0,1.6759755042079956,-0.9970987903176214,0.9798615549558216
263,20,50,0.45,4.0,1.7747890607587842,-1.097324080329826,0.9742698049198124
264,20,50,0.45,5.0,1.8499761737589921,-1.180880374326795,0.9749271232896474
265,20,50,0.45,6.0,1.8134949851543283,-1.1471281215632165,0.9803029661217451
266,20,50,0.45,7.0,1.6846484910570445,-0.9942596844052225,0.9817236781673377
267,20,50,0.45,8.0,1.789593427083161,-1.0871550456474166,0.9770637776155222
268,20,50,0.45,9.0,1.8710715909864348,-1.1742829680248639,0.9788045078691038
269,20,50,0.45,10.0,1.8002821086688008,-1.0927524787507434,0.9847335921946183
270,20,50,0.5,1.0,1.4278995982541771,-0.7231115742259047,0.9853012510974603
271,20,50,0.5,2.0,1.5254568439432363,-0.7965349166561628,0.9793148107821494
272,20,50,0.5,3.0,1.7413620784007702,-1.0017673430459273,0.9798918151686961
273,20,50,0.5,4.0,1.6292146575462187,-0.8999729597133882,0.978552171575285
274,20,50,0.5,5.0,1.6063152769323303,-0.8668835347073683,0.981183093773839
275,20,50,0.5,6.0,1.6354698578590483,-0.8912368303506216,0.977957648288441
276,20,50,0.5,7.0,1.6921585623019735,-0.9402277500488484,0.9722502406730733
277,20,50,0.5,8.0,1.714214763525409,-0.9767312187803945,0.9801263503335687
278,20,50,0.5,9.0,1.6776066450305596,-0.9255400801348357,0.9779260591119753
279,20,50,0.5,10.0,1.7173666785572455,-0.9694174444482172,0.9805290418659407
280,20,50,0.55,1.0,1.4267677463903152,-0.6634385105468409,0.9820988183877322
281,20,50,0.55,2.0,1.491610204695311,-0.7278699450535219,0.9802958915421668
282,20,50,0.55,3.0,1.5022230704320847,-0.7315445526176442,0.9846482782811427
283,20,50,0.55,4.0,1.5200145858831606,-0.7446768990615655,0.9810282544230755
284,20,50,0.55,5.0,1.5918720993675106,-0.8230565472276664,0.9837505983017827
285,20,50,0.55,6.0,1.5582227690351143,-0.7717751495414125,0.9798069191236195
286,20,50,0.55,7.0,1.5023478505601697,-0.7309445164946612,0.9800848066441699
287,20,50,0.55,8.0,1.580960740429373,-0.8004415242087777,0.9771903377086325
288,20,50,0.55,9.0,1.6166137836561216,-0.828470335783499,0.9860395989815256
289,20,50,0.55,10.0,1.6212746053828095,-0.8471314836345565,0.983698556396706
290,20,50,0.6,1.0,1.3901714155644782,-0.5977348525058103,0.9845480820044223
291,20,50,0.6,2.0,1.4024333270942795,-0.6000025395504782,0.9816509311190718
292,20,50,0.6,3.0,1.411124056433139,-0.6011936647964944,0.983348613991752
293,20,50,0.6,4.0,1.4395506451752333,-0.6203335081352108,0.9846782822289205
294,20,50,0.6,5.0,1.4612290133452428,-0.657622438988365,0.9775893138435683
295,20,50,0.6,6.0,1.4446962846212998,-0.643360028156995,0.982939370012752
296,20,50,0.6,7.0,1.437773429151814,-0.6234676529988895,0.9863155140177572
297,20,50,0.6,8.0,1.4730911527773811,-0.655331487534438,0.9789089031343172
298,20,50,0.6,9.0,1.4630975763050764,-0.6587423965584153,0.9860169110841687
299,20,50,0.6,10.0,1.4591751558514534,-0.6524382785883548,0.9798402308057763
300,20,50,0.65,1.0,1.3051256210242315,-0.4801773435825819,0.9863371736047328
301,20,50,0.65,2.0,1.36688829247981,-0.5244720162156696,0.9841488131823546
302,20,50,0.65,3.0,1.4019521365265246,-0.5660364097763916,0.9854001239198155
303,20,50,0.65,4.0,1.3950945954317568,-0.542882035245223,0.9795884744094663
304,20,50,0.65,5.0,1.381051794932407,-0.541120713536892,0.98560303009581
305,20,50,0.65,6.0,1.3954987550113453,-0.5397709871053438,0.9830809106670371
306,20,50,0.65,7.0,1.388689714843642,-0.5390200268681162,0.9846872333466962
307,20,50,0.65,8.0,1.3444757942965269,-0.5037487215859318,0.9823792398084515
308,20,50,0.65,9.0,1.4224148252407334,-0.5829293971039977,0.9826464354188562
309,20,50,0.65,10.0,1.372603293144056,-0.5292548423417391,0.9827574842969549
310,20,50,0.7,1.0,1.2554775628979167,-0.3889310610136733,0.9852446669122358
311,20,50,0.7,2.0,1.2483041865904492,-0.37971623468288956,0.9835932531334872
312,20,50,0.7,3.0,1.297203191304472,-0.4282559475390209,0.9835843606864373
313,20,50,0.7,4.0,1.277663258833606,-0.4038414066617417,0.9846680996519508
314,20,50,0.7,5.0,1.3083295609864039,-0.4356124777014765,0.9821522211459577
315,20,50,0.7,6.0,1.3025721011194498,-0.4252631919628668,0.9813875921851551
316,20,50,0.7,7.0,1.286873719007492,-0.415593858896123,0.987125541858321
317,20,50,0.7,8.0,1.3246210700606087,-0.4387383586571275,0.987151713850175
318,20,50,0.7,9.0,1.3355418599371138,-0.44916996843360335,0.9804371551712674
319,20,50,0.7,10.0,1.3010853575002248,-0.43894067371718604,0.9863398818817235
320,20,50,0.75,1.0,1.1948103325529542,-0.3014252721309214,0.9840342840156394
321,20,50,0.75,2.0,1.2861246120753798,-0.39273312175313013,0.9890719976055118
322,20,50,0.75,3.0,1.2264598696974847,-0.33599248534285936,0.9800280511480907
323,20,50,0.75,4.0,1.286727149729135,-0.38491748090957556,0.9870618210533533
324,20,50,0.75,5.0,1.214814530363563,-0.3144654421300432,0.9838373710920637
325,20,50,0.75,6.0,1.2630221665289643,-0.3606696125510219,0.9865423840108777
326,20,50,0.75,7.0,1.2729996305678024,-0.36796136332135865,0.9869626624085841
327,20,50,0.75,8.0,1.2502217006293557,-0.3469889067138595,0.9824952689214506
328,20,50,0.75,9.0,1.2462707175273529,-0.35415975812070644,0.981946596315271
329,20,50,0.75,10.0,1.2572076198178928,-0.3526751122463634,0.9793164857658029
330,20,50,0.8,1.0,1.1653772513878118,-0.24911087689893746,0.9852391860634494
331,20,50,0.8,2.0,1.1642025419408313,-0.25002075831345405,0.9864218985590897
332,20,50,0.8,3.0,1.2094609630783006,-0.2839259841699739,0.9876741837781227
333,20,50,0.8,4.0,1.2147235916154868,-0.28513345530885925,0.9833190115830736
334,20,50,0.8,5.0,1.2025857206282713,-0.27184764466601624,0.9841259575747536
335,20,50,0.8,6.0,1.2237852677525012,-0.2916275983776778,0.9827144504857823
336,20,50,0.8,7.0,1.2000553366209492,-0.2655199952180154,0.9852204564769623
337,20,50,0.8,8.0,1.2238523969559636,-0.2994968268215315,0.9852029407911875
338,20,50,0.8,9.0,1.2121660558823586,-0.28543713007332217,0.9866145008405237
339,20,50,0.8,10.0,1.1915014629709066,-0.25782892897061566,0.9855183701152598
340,20,50,0.85,1.0,1.1414200058635344,-0.19302541425447356,0.9860343883629552
341,20,50,0.85,2.0,1.1711181398316637,-0.223463472917605,0.9892432402430499
342,20,50,0.85,3.0,1.1761127879569426,-0.21520970462510416,0.98319099448567
343,20,50,0.85,4.0,1.1531352278240452,-0.20342807829954995,0.9871475771384611
344,20,50,0.85,5.0,1.1507496217239885,-0.19600405923134817,0.9853602220938239
345,20,50,0.85,6.0,1.181650797621407,-0.23124020038392984,0.9844561230990596
346,20,50,0.85,7.0,1.1894546269651385,-0.2348663712044637,0.9860076364026634
347,20,50,0.85,8.0,1.1340156366232035,-0.18127794410712725,0.9848265928836917
348,20,50,0.85,9.0,1.1658082312291465,-0.21603494989691044,0.988763452228113
349,20,50,0.85,10.0,1.1748700270534091,-0.22537253110445493,0.9849259197747244
350,20,50,0.9,1.0,1.110905897252442,-0.14466877965300878,0.989228645183257
351,20,50,0.9,2.0,1.104939611145334,-0.1243221029099005,0.9886794109214627
352,20,50,0.9,3.0,1.095507965267481,-0.11992804134472532,0.9875935778503416
353,20,50,0.9,4.0,1.137794805777784,-0.15106715662295894,0.9857358607914882
354,20,50,0.9,5.0,1.13248335457413,-0.15283737707979408,0.9847955068820511
355,20,50,0.9,6.0,1.1094327680019278,-0.13169996820798113,0.9881369504266392
356,20,50,0.9,7.0,1.113358222287855,-0.1318552097604991,0.9870796834333015
357,20,50,0.9,8.0,1.1193163575474105,-0.13682564807573255,0.9848414046648288
358,20,50,0.9,9.0,1.1043985889346633,-0.12932763425074864,0.9863539360763308
359,20,50,0.9,10.0,1.1469743044567993,-0.16510780281102375,0.9893586373408487
360,20,50,0.95,1.0,1.0425640339553985,-0.05282915253852435,0.9910740227425165
361,20,50,0.95,2.0,1.0825038926159838,-0.07891692157766758,0.9895881119372671
362,20,50,0.95,3.0,1.0816204156355886,-0.07716528225386049,0.989437646384021
363,20,50,0.95,4.0,1.0834734449954433,-0.08301155324860611,0.9881639885460622
364,20,50,0.95,5.0,1.0663754441556295,-0.06428918055239181,0.9904344132585218
365,20,50,0.95,6.0,1.0800629590469426,-0.07537258442916041,0.9887759073537744
366,20,50,0.95,7.0,1.0780132956864135,-0.08228969536197178,0.9893919139582161
367,20,50,0.95,8.0,1.0906028083424903,-0.09177647949677112,0.9877340013616515
368,20,50,0.95,9.0,1.0693941225477377,-0.06557407539398796,0.9877902780634888
369,20,50,0.95,10.0,1.0981242228827772,-0.09190855575713823,0.9853762144556211
370,20,50,1.0,1.0,1.0332900635356768,-0.015770392341579932,0.9928788311412639
371,20,50,1.0,2.0,1.0437341303497205,-0.017299347655020347,0.9931436071492094
372,20,50,1.0,3.0,1.042151925463608,-0.015878121924693324,0.9928400714217525
373,20,50,1.0,4.0,1.050760230043442,-0.02405324811162791,0.9931296424506009
374,20,50,1.0,5.0,1.032895490488156,-0.0066430620254560365,0.9913701237850375
375,20,50,1.0,6.0,1.0578022904902555,-0.028941213279861478,0.9901842706770962
376,20,50,1.0,7.0,1.04339976816162,-0.019417491610284433,0.9907606605134648
377,20,50,1.0,8.0,1.0494298006774276,-0.02063083537454171,0.9909809952856079
378,20,50,1.0,9.0,1.0656507286072077,-0.036154286521646685,0.9904460067115085
379,20,50,1.0,10.0,1.0399249990211605,-0.014434070469311366,0.9910166929374757
380,30,50,0.1,1.0,3.4295263620406957,-4.089771689563411,0.9386714978681832
381,30,50,0.1,2.0,3.48310864225963,-4.146812844064877,0.9441245124693513
382,30,50,0.1,3.0,3.6302346084861954,-4.37083324867587,0.9310075951841288
383,30,50,0.1,4.0,4.369487059083927,-5.296610134439682,0.9469361249167638
384,30,50,0.1,5.0,4.787118572083094,-5.878240947537419,0.9539949315683114
385,30,50,0.1,6.0,4.668017706590774,-5.65375237134567,0.9265484546901925
386,30,50,0.1,7.0,4.329321718089642,-5.152567384286516,0.939913557695918
387,30,50,0.1,8.0,4.83024413436661,-5.755278391051202,0.9496493258544456
388,30,50,0.1,9.0,5.867104326456248,-7.226130283043931,0.9307502813024184
389,30,50,0.1,10.0,5.822944216572317,-7.144668418359593,0.9336507904943101
390,30,50,0.15,1.0,2.738140199470096,-2.9552832181965063,0.9499665680635676
391,30,50,0.15,2.0,3.036528274636294,-3.3272395720587453,0.9676581224235876
392,30,50,0.15,3.0,3.191448592759818,-3.481328792542314,0.9611144488011505
393,30,50,0.15,4.0,3.330252662643943,-3.603670192172005,0.9641223725639344
394,30,50,0.15,5.0,3.427157890483234,-3.699248997421944,0.9616713953110704
395,30,50,0.15,6.0,3.886890554133057,-4.27601839450924,0.9489531661111812
396,30,50,0.15,7.0,3.7208885611601006,-4.119146903759028,0.9525186969225482
397,30,50,0.15,8.0,3.91548356821922,-4.382981485940336,0.9497187432631542
398,30,50,0.15,9.0,3.7201528226503013,-4.053166334132035,0.9451665556870219
399,30,50,0.15,10.0,4.2199316658089625,-4.792523979653403,0.9427492545967955
400,30,50,0.2,1.0,2.4098945527674887,-2.3635542715027964,0.9716763376394205
401,30,50,0.2,2.0,2.5812783510250186,-2.55351765539109,0.9727694403210562
402,30,50,0.2,3.0,2.8020609192459873,-2.827009086937883,0.9450087509090033
403,30,50,0.2,4.0,2.7524768164349918,-2.7315829487140713,0.9695160522960201
404,30,50,0.2,5.0,2.905476936048636,-2.883481290833192,0.9656738346580601
405,30,50,0.2,6.0,2.955668525480764,-2.969725922099207,0.9648609347572309
406,30,50,0.2,7.0,3.152561839281114,-3.2054229235120273,0.9793678398970114
407,30,50,0.2,8.0,3.102688892019997,-3.162891914038499,0.9644055760766067
408,30,50,0.2,9.0,2.997303115905046,-3.047636880417717,0.969967750709589
409,30,50,0.2,10.0,3.062535825965369,-3.086440152311917,0.9659550428229793
410,30,50,0.25,1.0,2.0550090567353836,-1.8115475612682328,0.9720967966935824
411,30,50,0.25,2.0,2.4701530409218733,-2.2938888749668065,0.9752458561402566
412,30,50,0.25,3.0,2.3824917783023225,-2.160036408840114,0.9755212028131639
413,30,50,0.25,4.0,2.3290802895270586,-2.0978274997124813,0.9746627296689807
414,30,50,0.25,5.0,2.506594627967896,-2.3031811032018794,0.9761299824326566
415,30,50,0.25,6.0,2.483360080609691,-2.2784447403389816,0.9783794692103941
416,30,50,0.25,7.0,2.5061473830426237,-2.273012437043163,0.9666202868774562
417,30,50,0.25,8.0,2.622023673499261,-2.4445628387257123,0.9699982728010756
418,30,50,0.25,9.0,2.6295525574924574,-2.4618702562328894,0.9725050094674499
419,30,50,0.25,10.0,2.9007254891721415,-2.7481762579125606,0.9761523649397696
420,30,50,0.3,1.0,1.921502572179009,-1.5460988856108018,0.9820040484052667
421,30,50,0.3,2.0,2.1032865505473177,-1.750351322873397,0.9784427174498822
422,30,50,0.3,3.0,2.1400364464633617,-1.7527294799164246,0.9766136343737071
423,30,50,0.3,4.0,2.396651265176054,-2.0771599002004164,0.9802881454970741
424,30,50,0.3,5.0,2.3778715351033033,-2.0491429694451573,0.978856609166541
425,30,50,0.3,6.0,2.1385847277816548,-1.7413197927052722,0.9812742038368437
426,30,50,0.3,7.0,2.265816674440175,-1.9201024007910852,0.9773572482451296
427,30,50,0.3,8.0,2.3316450406914906,-1.9786888937563951,0.9752308623968062
428,30,50,0.3,9.0,2.4304356960464,-2.096902019154885,0.9786712002775794
429,30,50,0.3,10.0,2.271819126167525,-1.9216876733351924,0.9630830568623884
430,30,50,0.35,1.0,1.852349619522332,-1.4055896243526524,0.9820083654200614
431,30,50,0.35,2.0,1.8860551347203844,-1.4297671659325661,0.9854171613976306
432,30,50,0.35,3.0,2.005017799517256,-1.549445037393676,0.9830295586190314
433,30,50,0.35,4.0,2.019690526838088,-1.5386701463938488,0.9789781098699178
434,30,50,0.35,5.0,2.032513221815739,-1.5712893679956617,0.982179482523312
435,30,50,0.35,6.0,2.026069735123314,-1.5450619639292722,0.9762108064692352
436,30,50,0.35,7.0,2.0675388906717256,-1.5929681094319101,0.9793008465820512
437,30,50,0.35,8.0,2.0311945015285526,-1.5511466765524076,0.9804591070604223
438,30,50,0.35,9.0,2.0648536295686215,-1.5866729520763294,0.9800942278007154
439,30,50,0.35,10.0,2.0507292760760865,-1.5722997778730563,0.9769685225308814
440,30,50,0.4,1.0,1.7066930077098352,-1.1555922129357783,0.9820101338652449
441,30,50,0.4,2.0,1.7813480945836886,-1.2297400251554436,0.9856306506943662
442,30,50,0.4,3.0,1.846368986352773,-1.3023366351821912,0.9838992029685578
443,30,50,0.4,4.0,1.8444853078814372,-1.2800977544775671,0.9849105850101216
444,30,50,0.4,5.0,1.8795073177568313,-1.326859593941803,0.9819404562086831
445,30,50,0.4,6.0,1.8559382821150112,-1.2782758395897837,0.9853732990855892
446,30,50,0.4,7.0,1.9079859550910103,-1.3578344336738781,0.9836790646982321
447,30,50,0.4,8.0,1.9502178412961615,-1.4028740269312885,0.9818790567536453
448,30,50,0.4,9.0,1.9577202773798041,-1.3927267883389534,0.9859005096547684
449,30,50,0.4,10.0,1.9455903540063708,-1.394933018176951,0.9863054183121477
450,30,50,0.45,1.0,1.6245114954692483,-1.0021482595580835,0.9867261347183284
451,30,50,0.45,2.0,1.6749821461572967,-1.0506818357096985,0.9858486666484645
452,30,50,0.45,3.0,1.7374238030972369,-1.1146246227317012,0.9836671673029483
453,30,50,0.45,4.0,1.7038974261837478,-1.0724485299013284,0.9821153060490904
454,30,50,0.45,5.0,1.7041656859804344,-1.0648509512099706,0.9823681619306923
455,30,50,0.45,6.0,1.7573770167104819,-1.1182357782190242,0.9855478639181403
456,30,50,0.45,7.0,1.7751151440659783,-1.148478390690913,0.9840426731959351
457,30,50,0.45,8.0,1.799277982705966,-1.17171808183712,0.9874528004513159
458,30,50,0.45,9.0,1.785255345957363,-1.1435006463311874,0.9821976723550032
459,30,50,0.45,10.0,1.7982598974735982,-1.1709186516369545,0.9840427552410251
460,30,50,0.5,1.0,1.495572539895534,-0.8107957430730128,0.9867510021447593
461,30,50,0.5,2.0,1.6120532843408029,-0.9258219160422971,0.9865452526911275
462,30,50,0.5,3.0,1.6430225898258626,-0.9451215921870485,0.9895703190769394
463,30,50,0.5,4.0,1.6374309198304542,-0.9300041909745858,0.985282857914312
464,30,50,0.5,5.0,1.633347999298176,-0.9315705129769404,0.988910927950348
465,30,50,0.5,6.0,1.6496807863021843,-0.9667878341270709,0.9892090156829623
466,30,50,0.5,7.0,1.6173980299080948,-0.9145520538205962,0.9876156274935542
467,30,50,0.5,8.0,1.6614527499368041,-0.9604430388724025,0.9896577826675415
468,30,50,0.5,9.0,1.6060817056758403,-0.9295737074761048,0.9842339521701167
469,30,50,0.5,10.0,1.633164523677057,-0.9313459494451927,0.9844726902948414
470,30,50,0.55,1.0,1.450522340976178,-0.7258408955424324,0.9895648350711413
471,30,50,0.55,2.0,1.5473729662619635,-0.799527247215796,0.9855446169407787
472,30,50,0.55,3.0,1.5012708910708832,-0.7451181246469666,0.9892880512638426
473,30,50,0.55,4.0,1.5148525617180886,-0.7620671390483165,0.9882176011368532
474,30,50,0.55,5.0,1.5648663020658549,-0.8174292729880911,0.9840619030765521
475,30,50,0.55,6.0,1.5580706486973983,-0.8044844017911823,0.9886494416929988
476,30,50,0.55,7.0,1.5266524085377073,-0.7812302088164792,0.9886911611908339
477,30,50,0.55,8.0,1.5736956309759367,-0.8312157870059386,0.9879464750136384
478,30,50,0.55,9.0,1.6016129530736714,-0.8619189658933808,0.9893890654207637
479,30,50,0.55,10.0,1.4919274427189468,-0.748494756139424,0.9838465558760385
480,30,50,0.6,1.0,1.3644017066704572,-0.5836716749405757,0.9895842891429734
481,30,50,0.6,2.0,1.4307681383695054,-0.6407482414065332,0.9907182811424613
482,30,50,0.6,3.0,1.448315609680065,-0.6593357386167074,0.9893079709810451
483,30,50,0.6,4.0,1.4589371574999208,-0.6734066651231915,0.9906424340902994
484,30,50,0.6,5.0,1.4644004310437955,-0.6743776103331097,0.9860684065394087
485,30,50,0.6,6.0,1.4499601559568658,-0.6533092487023311,0.9909871181926176
486,30,50,0.6,7.0,1.4382145072821297,-0.656390585858311,0.987242803983721
487,30,50,0.6,8.0,1.4561515598768746,-0.6806813195008934,0.9887981985364276
488,30,50,0.6,9.0,1.442069404201547,-0.6476948545187262,0.9905180248018132
489,30,50,0.6,10.0,1.4723945698617216,-0.6787439422453075,0.9912057692394194
490,30,50,0.65,1.0,1.2885667554012656,-0.4687096377649757,0.9916023029572247
491,30,50,0.65,2.0,1.3639432605981792,-0.5405973464269661,0.9901780778697752
492,30,50,0.65,3.0,1.3752963822096584,-0.5458382890355507,0.9883460468675963
493,30,50,0.65,4.0,1.3693505194178135,-0.5304766184371904,0.9881683195651
494,30,50,0.65,5.0,1.3663975992142352,-0.5352720569994847,0.9905437040711469
495,30,50,0.65,6.0,1.3881180008038247,-0.5613114274106437,0.9909972514240426
496,30,50,0.65,7.0,1.3723078429809827,-0.5383002607969768,0.9879258660617406
497,30,50,0.65,8.0,1.3840473325512201,-0.5585052238838283,0.9899171657758975
498,30,50,0.65,9.0,1.3866074516593403,-0.5463689018789628,0.9907117907075437
499,30,50,0.65,10.0,1.4079586230999814,-0.5720367861317481,0.9912534992026505
500,30,50,0.7,1.0,1.2553391608787277,-0.406884838975602,0.9916512372921099
501,30,50,0.7,2.0,1.2937794767031636,-0.4351253144290818,0.9914819280469421
502,30,50,0.7,3.0,1.2913660275785699,-0.4272249127936133,0.9911317216988129
503,30,50,0.7,4.0,1.3014271035511478,-0.4379965613677131,0.9923494474270127
504,30,50,0.7,5.0,1.2725118596775928,-0.4094893839072021,0.990618248816754
505,30,50,0.7,6.0,1.3180435805264055,-0.45684080992313697,0.9869521200517474
506,30,50,0.7,7.0,1.2708782145858362,-0.4013357853862011,0.9906939107308185
507,30,50,0.7,8.0,1.2967781407613714,-0.4288979631530568,0.9915086118508849
508,30,50,0.7,9.0,1.3350521186149578,-0.46846863843855147,0.9917547956189324
509,30,50,0.7,10.0,1.3387990955215565,-0.4692622526217841,0.9914952875444241
510,30,50,0.75,1.0,1.2136710834484705,-0.32885160044660294,0.9925536298685766
511,30,50,0.75,2.0,1.257193643894918,-0.36033845246948,0.9924699162382069
512,30,50,0.75,3.0,1.247881774850314,-0.35899918129870345,0.9908814111971639
513,30,50,0.75,4.0,1.247477001875956,-0.35167475781832924,0.9928474424136979
514,30,50,0.75,5.0,1.2476405325166402,-0.34100915924061964,0.9912358178646441
515,30,50,0.75,6.0,1.2527714687335365,-0.36004060707381197,0.9916312364223602
516,30,50,0.75,7.0,1.2257864493927266,-0.3327078028842115,0.9927875046792728
517,30,50,0.75,8.0,1.250303212157013,-0.35872227718856065,0.9927327847339379
518,30,50,0.75,9.0,1.240861072230055,-0.34794897663832225,0.9920584568300406
519,30,50,0.75,10.0,1.2473360099133015,-0.34315196300987855,0.9894485877730483
520,30,50,0.8,1.0,1.168434743867392,-0.26160618224068116,0.9917022270965534
521,30,50,0.8,2.0,1.176263932974167,-0.2601857462432638,0.9924684809534707
522,30,50,0.8,3.0,1.1942569877089868,-0.2714842697137597,0.9903011919010437
523,30,50,0.8,4.0,1.18402036770866,-0.26245688334903894,0.9911917402205568
524,30,50,0.8,5.0,1.2012478872154229,-0.2824883898870241,0.9931499471761575
525,30,50,0.8,6.0,1.2045059692474018,-0.2798066144277366,0.9930663098878416
526,30,50,0.8,7.0,1.2024571331488454,-0.27940746076446177,0.9921145870685943
527,30,50,0.8,8.0,1.194155583154477,-0.26968389723422803,0.9933749750491818
528,30,50,0.8,9.0,1.1757324524183086,-0.2516980387140608,0.9921518146547958
529,30,50,0.8,10.0,1.2136166854708157,-0.2914055707763936,0.993030813648536
530,30,50,0.85,1.0,1.127195363703014,-0.19670235559192487,0.9938404962440799
531,30,50,0.85,2.0,1.152723316095686,-0.21023550811743458,0.9923895455644193
532,30,50,0.85,3.0,1.1521750518303244,-0.20325952078659668,0.9920350380131853
533,30,50,0.85,4.0,1.1571026905086157,-0.20830407857071281,0.9926555761907687
534,30,50,0.85,5.0,1.1585551918779136,-0.2069729058911022,0.9893831852680511
535,30,50,0.85,6.0,1.1456649208926428,-0.19678313888218527,0.9936144739935802
536,30,50,0.85,7.0,1.1302168798907366,-0.1780184755132995,0.9924786784714046
537,30,50,0.85,8.0,1.1666529371078274,-0.21510076752073087,0.9936060551888524
538,30,50,0.85,9.0,1.1614155409355955,-0.20796659461131414,0.9933461568183117
539,30,50,0.85,10.0,1.1393387076624877,-0.19120782172248546,0.9920413492687798
540,30,50,0.9,1.0,1.0776149693724704,-0.11310316256090895,0.9929598730677404
541,30,50,0.9,2.0,1.10072404469858,-0.1306450891811134,0.992881415353169
542,30,50,0.9,3.0,1.0968192049371481,-0.12639218849632794,0.9934381215374458
543,30,50,0.9,4.0,1.1159425424492482,-0.14683695661889085,0.9936045425646981
544,30,50,0.9,5.0,1.117528204356042,-0.14514611761432672,0.9924188839664337
545,30,50,0.9,6.0,1.128443163656712,-0.1549122513791487,0.9923622342806558
546,30,50,0.9,7.0,1.1066014824088417,-0.13137781022774606,0.9926929922838464
547,30,50,0.9,8.0,1.114080789246951,-0.1428181568133604,0.9931109883534877
548,30,50,0.9,9.0,1.1099379753571619,-0.133105926276542,0.9927695219578588
549,30,50,0.9,10.0,1.1239334746601852,-0.14900185778618638,0.993489893128902
550,30,50,0.95,1.0,1.0519029383137464,-0.06575919248982372,0.9943959921298978
551,30,50,0.95,2.0,1.0688722224842322,-0.07285657589407377,0.9949127738123436
552,30,50,0.95,3.0,1.0701929914249675,-0.06895267922536216,0.993982660645349
553,30,50,0.95,4.0,1.0554539056899646,-0.058705655291485546,0.9936412097149747
554,30,50,0.95,5.0,1.0658702511396496,-0.06471334164496646,0.9942226976303695
555,30,50,0.95,6.0,1.066602357661974,-0.07108019286114806,0.9939027625729613
556,30,50,0.95,7.0,1.0671788788410803,-0.06827431783352451,0.9949704831514825
557,30,50,0.95,8.0,1.07412572804699,-0.0711095860158576,0.9943059929196206
558,30,50,0.95,9.0,1.0762325542308495,-0.07589121974501929,0.9944534487804797
559,30,50,0.95,10.0,1.0657687893949208,-0.06892225931726031,0.9944991925170278
560,30,50,1.0,1.0,1.0193572769369237,-0.007978238398795768,0.9974530608948177
561,30,50,1.0,2.0,1.0259099005439025,-0.0076236844615185425,0.9963539472102404
562,30,50,1.0,3.0,1.031572331891413,-0.011601484725434296,0.9967389912224462
563,30,50,1.0,4.0,1.0306864292006972,-0.009303766465486007,0.9960514560241054
564,30,50,1.0,5.0,1.0400101473977255,-0.015262905317662301,0.9955391756466199
565,30,50,1.0,6.0,1.0305310596448496,-0.007635480943733075,0.9956954061596957
566,30,50,1.0,7.0,1.0281408909467236,-0.006540430713649903,0.9954907512823621
567,30,50,1.0,8.0,1.0368665973597613,-0.012173587681295273,0.9950946248126649
568,30,50,1.0,9.0,1.0392851733668325,-0.016157407002630242,0.9949516479565178
569,30,50,1.0,10.0,1.0371220801178787,-0.014225225426239708,0.9937637763907026
570,40,50,0.1,1.0,3.5634570091173585,-4.544645640235853,0.9360934855281353
571,40,50,0.1,2.0,3.286200719736132,-4.121503689788576,0.954353693309365
572,40,50,0.1,3.0,3.5884971671574926,-4.531137645428811,0.9606483167040214
573,40,50,0.1,4.0,4.097735271775976,-5.235439624200412,0.951092283310462
574,40,50,0.1,5.0,4.522221997106121,-5.906577163480459,0.9462464672986064
575,40,50,0.1,6.0,4.697308525168153,-6.0369069015551124,0.9622640622448815
576,40,50,0.1,7.0,4.868066591916252,-6.348586148652194,0.9447556582981067
577,40,50,0.1,8.0,5.101906353509154,-6.616323356900066,0.9551918926852888
578,40,50,0.1,9.0,4.950553298112652,-6.50374408814738,0.9622067692652537
579,40,50,0.1,10.0,4.831084073883768,-6.29702888637661,0.9474820449063628
580,40,50,0.15,1.0,2.8359849736582117,-3.2439557918500697,0.9691134562148994
581,40,50,0.15,2.0,2.7190678886829196,-3.0909808473909606,0.9689771411264608
582,40,50,0.15,3.0,2.933370643420709,-3.3271977496514276,0.9688298851880942
583,40,50,0.15,4.0,3.1566063994731373,-3.6173344536908028,0.9699870823457104
584,40,50,0.15,5.0,3.4066844469585886,-3.959474309711436,0.9812499823078387
585,40,50,0.15,6.0,3.498088417214079,-4.082254097500242,0.9533632716574243
586,40,50,0.15,7.0,3.4243766912337428,-4.013006874937995,0.9594409252251092
587,40,50,0.15,8.0,3.5742510467168658,-4.220448056671439,0.9702304501868536
588,40,50,0.15,9.0,3.817601637522009,-4.491687842254661,0.9692044179783752
589,40,50,0.15,10.0,3.792519336325814,-4.4908365093755345,0.9735316076445709
590,40,50,0.2,1.0,2.391270779644459,-2.491130396101771,0.9774966163368297
591,40,50,0.2,2.0,2.519389532860333,-2.6396713658231907,0.9764566014336008
592,40,50,0.2,3.0,2.6523783230165248,-2.7906095734069587,0.9759658811549652
593,40,50,0.2,4.0,2.823197127157044,-3.014583933422266,0.9754653027455493
594,40,50,0.2,5.0,2.8548373722737503,-3.0296034757904877,0.9804214400923691
595,40,50,0.2,6.0,2.898587358749128,-3.108630369030333,0.9751949371967896
596,40,50,0.2,7.0,2.9412378409039963,-3.1522183669415527,0.9647859628484273
597,40,50,0.2,8.0,3.1544499692125147,-3.4614082199472973,0.962536901851427
598,40,50,0.2,9.0,3.088105227168886,-3.316780587588017,0.9722897003707608
599,40,50,0.2,10.0,3.0394058937625212,-3.2610094973184247,0.9743284538892283
600,40,50,0.25,1.0,2.11002481124099,-1.9849219501930846,0.9820119677844101
601,40,50,0.25,2.0,2.3086583472432545,-2.2026247383038737,0.9855148040714479
602,40,50,0.25,3.0,2.318327320201746,-2.2103023657786034,0.985090309052422
603,40,50,0.25,4.0,2.4409855215903087,-2.3814097922146167,0.9774520529934646
604,40,50,0.25,5.0,2.4853076278136563,-2.4271611312348944,0.9784011676970683
605,40,50,0.25,6.0,2.600664899283793,-2.590875984784213,0.9819301535212924
606,40,50,0.25,7.0,2.6085292120483907,-2.5667995613975036,0.9819914086750391
607,40,50,0.25,8.0,2.536876198972367,-2.5144016881145395,0.9754775742088935
608,40,50,0.25,9.0,2.5177235398188995,-2.412860705045706,0.9793842571596801
609,40,50,0.25,10.0,2.6129442810386556,-2.6085119151260994,0.9741424074530427
610,40,50,0.3,1.0,2.082833043593548,-1.8360047488366498,0.985002558547284
611,40,50,0.3,2.0,2.022735454082068,-1.7624195071707163,0.9824141906344849
612,40,50,0.3,3.0,2.0937048807538163,-1.8201322901076598,0.9793078710979316
613,40,50,0.3,4.0,2.258510887621879,-2.007160155019583,0.9835436019799595
614,40,50,0.3,5.0,2.148543290735759,-1.8999888736205641,0.9786112004788743
615,40,50,0.3,6.0,2.1791515058935604,-1.9371927358897914,0.987747480021639
616,40,50,0.3,7.0,2.2110548820113047,-1.9495331910716722,0.9849390883280584
617,40,50,0.3,8.0,2.237618752901139,-2.0067319836496726,0.9771945471916418
618,40,50,0.3,9.0,2.2865997498542168,-2.08433781866234,0.9809980362563271
619,40,50,0.3,10.0,2.2395127855936408,-2.007481641086645,0.98316670339691
620,40,50,0.35,1.0,1.8885170826746827,-1.5131911790486476,0.9842930742104224
621,40,50,0.35,2.0,1.9753159152957118,-1.5956602318750592,0.9849354610384708
622,40,50,0.35,3.0,1.9777755797145633,-1.595540887258441,0.9858571732793147
623,40,50,0.35,4.0,1.974080834627438,-1.5852269956414164,0.9834615369667017
624,40,50,0.35,5.0,2.0231430216652986,-1.6555068871218244,0.9857574677694556
625,40,50,0.35,6.0,1.9690736901203625,-1.5765717346753454,0.9869586440118256
626,40,50,0.35,7.0,2.043411623848743,-1.665249419488741,0.9846584421126053
627,40,50,0.35,8.0,2.0169208348001293,-1.654319255798225,0.9800569064035309
628,40,50,0.35,9.0,2.103082856940961,-1.739453173993068,0.9829596821261737
629,40,50,0.35,10.0,2.049438887378145,-1.6469722503319193,0.9799122587735164
630,40,50,0.4,1.0,1.8029275705007517,-1.3288911101989513,0.98903798343139
631,40,50,0.4,2.0,1.787184613466902,-1.3016332533905572,0.9854772691959663
632,40,50,0.4,3.0,1.808497964494063,-1.311244521877341,0.9828590513292035
633,40,50,0.4,4.0,1.875756793038312,-1.388214832076296,0.9866541054594267
634,40,50,0.4,5.0,1.815459935903463,-1.3051181994142715,0.9862883811572818
635,40,50,0.4,6.0,1.9354817063167389,-1.4584857535631008,0.9876113177670159
636,40,50,0.4,7.0,1.919452779582107,-1.4499884352949366,0.9845579905337309
637,40,50,0.4,8.0,1.8767865506783175,-1.390352771169767,0.9862743095435447
638,40,50,0.4,9.0,1.8432125547933844,-1.3520188762429215,0.9868407943548645
639,40,50,0.4,10.0,1.9199404439437502,-1.4403507567410956,0.984915841362889
640,40,50,0.45,1.0,1.6367934443491206,-1.073340406522846,0.9908501188504234
641,40,50,0.45,2.0,1.6804212429705339,-1.1154801737426001,0.9886502915034198
642,40,50,0.45,3.0,1.6950388673794816,-1.123822049442133,0.9879327712877221
643,40,50,0.45,4.0,1.7656266348207872,-1.2020300507047068,0.9881615052250325
644,40,50,0.45,5.0,1.698301977914873,-1.1268925218448433,0.9865491680691172
645,40,50,0.45,6.0,1.7506470282895088,-1.171355464797257,0.9866237869303532
646,40,50,0.45,7.0,1.74967455116331,-1.1887691465546841,0.9870451176165773
647,40,50,0.45,8.0,1.6754772087205527,-1.0850398003179904,0.9859333677650228
648,40,50,0.45,9.0,1.7466041616440209,-1.1617439552314475,0.9886316509381498
649,40,50,0.45,10.0,1.7587170875830445,-1.2047489225433394,0.9911791529530657
650,40,50,0.5,1.0,1.4971248216458661,-0.8727359742163447,0.9907837213896539
651,40,50,0.5,2.0,1.5905634151922503,-0.9561291733815114,0.9901074947346729
652,40,50,0.5,3.0,1.5851173938409135,-0.9318816958451673,0.9888112590023764
653,40,50,0.5,4.0,1.608420937303173,-0.963108199869791,0.9910430757368639
654,40,50,0.5,5.0,1.5994480849120878,-0.9542534793132573,0.9915415546453575
655,40,50,0.5,6.0,1.6255152329163043,-0.981302676240186,0.9894189204159689
656,40,50,0.5,7.0,1.6355779120863876,-0.9912931843586344,0.9881363235275173
657,40,50,0.5,8.0,1.617613815897642,-0.9723422700389384,0.992316414508698
658,40,50,0.5,9.0,1.5776321261488102,-0.9212164579573778,0.9907614161760872
659,40,50,0.5,10.0,1.6255098055516999,-0.9903078518245467,0.9916101909663441
660,40,50,0.55,1.0,1.4492747977621394,-0.7556759628561851,0.9925595318105913
661,40,50,0.55,2.0,1.50898037270486,-0.8033988093808041,0.9906694774057131
662,40,50,0.55,3.0,1.5065928879206565,-0.8063241489840329,0.990631799036592
663,40,50,0.55,4.0,1.5168045099008274,-0.8209541739213015,0.9910553558230408
664,40,50,0.55,5.0,1.5343751064072768,-0.8279912135328701,0.9898977425015977
665,40,50,0.55,6.0,1.5193485335026913,-0.8137933807385984,0.9916304878566524
666,40,50,0.55,7.0,1.5366317168739192,-0.8279362653990283,0.9905849864575872
667,40,50,0.55,8.0,1.531950385110537,-0.8313661273799653,0.9919145759099601
668,40,50,0.55,9.0,1.5134563764530304,-0.7973261821097714,0.9915662839895546
669,40,50,0.55,10.0,1.567053799857835,-0.8719821691964892,0.9892571483017324
670,40,50,0.6,1.0,1.359430158806981,-0.6087859011724512,0.9931809404605032
671,40,50,0.6,2.0,1.414611899186888,-0.6596867170159385,0.9927333061258361
672,40,50,0.6,3.0,1.43269456372176,-0.6737134619841514,0.9919877346580332
673,40,50,0.6,4.0,1.4599489492435036,-0.7006174862961113,0.9925219450235266
674,40,50,0.6,5.0,1.4461561250038946,-0.6806603484229347,0.993041300673007
675,40,50,0.6,6.0,1.4446728095674357,-0.6850495776016257,0.9921199683820191
676,40,50,0.6,7.0,1.4291995987808632,-0.6612040509681045,0.9919215704585606
677,40,50,0.6,8.0,1.441016354502652,-0.6748243679738098,0.9917901144655028
678,40,50,0.6,9.0,1.4355105247379116,-0.6719318738374829,0.994991175458867
679,40,50,0.6,10.0,1.4265739665755583,-0.6696817729900534,0.9929869816722976
680,40,50,0.65,1.0,1.3465043379654713,-0.5597855304511874,0.9930729592055435
681,40,50,0.65,2.0,1.345376164690047,-0.5346606585260509,0.9927013715059145
682,40,50,0.65,3.0,1.3930296877051913,-0.5914284625036373,0.9932120723166304
683,40,50,0.65,4.0,1.357286177154481,-0.5569687814517141,0.9918511111248275
684,40,50,0.65,5.0,1.348928197497846,-0.5372372949455798,0.9942260329456485
685,40,50,0.65,6.0,1.3404425844350776,-0.5402073287099036,0.9917494133791195
686,40,50,0.65,7.0,1.3528677490616763,-0.5512118792772241,0.9928941712351353
687,40,50,0.65,8.0,1.3542159620349516,-0.5370407940125556,0.9925916341423976
688,40,50,0.65,9.0,1.3821604579886173,-0.57569052609328,0.9922055799447727
689,40,50,0.65,10.0,1.397964776800508,-0.6006591176250518,0.9927685827306899
690,40,50,0.7,1.0,1.2836641907083504,-0.4498243839938453,0.9939055030604192
691,40,50,0.7,2.0,1.2813772441370719,-0.43751808974725803,0.9942214557882074
692,40,50,0.7,3.0,1.2880948516095212,-0.44752771807336555,0.9933781126266485
693,40,50,0.7,4.0,1.3272351917535905,-0.47538788314788505,0.9940504614502096
694,40,50,0.7,5.0,1.2988346417418677,-0.44996268084798513,0.9920740881162468
695,40,50,0.7,6.0,1.31088943508725,-0.4635816970068446,0.9938893804633393
696,40,50,0.7,7.0,1.3029045495563898,-0.45009929252165637,0.9937748695498838
697,40,50,0.7,8.0,1.304667517709926,-0.45379269525115634,0.993206941192572
698,40,50,0.7,9.0,1.3184895300243045,-0.4793735344227583,0.9926646516483965
699,40,50,0.7,10.0,1.3487467408011402,-0.5015069276761925,0.9947114900223293
700,40,50,0.75,1.0,1.212935943700374,-0.3469801047348184,0.9940146577820632
701,40,50,0.75,2.0,1.2387863086093385,-0.3553474720405963,0.995543368977503
702,40,50,0.75,3.0,1.2532108255082586,-0.36942256677595287,0.9942474433286869
703,40,50,0.75,4.0,1.243159680220106,-0.35607622974537106,0.9946328452966599
704,40,50,0.75,5.0,1.2436439988828412,-0.3605421922581581,0.9942032778595502
705,40,50,0.75,6.0,1.2764455634789666,-0.3960167968620625,0.9943343142336302
706,40,50,0.75,7.0,1.272187253949546,-0.3965610586602701,0.9951558058972587
707,40,50,0.75,8.0,1.2387970018184795,-0.34940719396220077,0.9934927883888098
708,40,50,0.75,9.0,1.2665801929788612,-0.3808321638814573,0.9927408779276318
709,40,50,0.75,10.0,1.2452345098284312,-0.3612164109454796,0.9934460402697338
710,40,50,0.8,1.0,1.1735283520670363,-0.2701880588795301,0.9944801697987444
711,40,50,0.8,2.0,1.1844141106378046,-0.2771325742783243,0.9954577277397885
712,40,50,0.8,3.0,1.1912006070796721,-0.27375527742311134,0.9943933993751541
713,40,50,0.8,4.0,1.1861548506730633,-0.27215502543163,0.9944454502241346
714,40,50,0.8,5.0,1.1901553611201205,-0.27438946202426406,0.995662652162283
715,40,50,0.8,6.0,1.2047282448829129,-0.28899396594246657,0.9933261191950719
716,40,50,0.8,7.0,1.1857389731465946,-0.273076516255519,0.9932044010680207
717,40,50,0.8,8.0,1.1946287443409187,-0.2779748328247663,0.9933731735474387
718,40,50,0.8,9.0,1.1845030077450212,-0.2773564316846169,0.9941150223746608
719,40,50,0.8,10.0,1.2111090105820177,-0.2928415798428554,0.9937773987362206
720,40,50,0.85,1.0,1.1153296051306587,-0.18290084841393467,0.9953680389958416
721,40,50,0.85,2.0,1.1533009585190381,-0.21583963651100144,0.9950987036849576
722,40,50,0.85,3.0,1.1573358393609778,-0.21091867605546516,0.9953643880897868
723,40,50,0.85,4.0,1.1557678803301754,-0.21094853348768422,0.995097232763781
724,40,50,0.85,5.0,1.1478618976574098,-0.2072282841429398,0.9949308041985729
725,40,50,0.85,6.0,1.1485324629048261,-0.2023149404104835,0.9941024267668164
726,40,50,0.85,7.0,1.1546373204224643,-0.20574859317291705,0.9947858339210184
727,40,50,0.85,8.0,1.1426932249345534,-0.2019332747591903,0.9950755941265094
728,40,50,0.85,9.0,1.155803493117826,-0.20939182427299477,0.9955700762567933
729,40,50,0.85,10.0,1.1600791872342018,-0.21604805909041147,0.9948895706261609
730,40,50,0.9,1.0,1.0922127169279374,-0.1334219662162519,0.9962508628679865
731,40,50,0.9,2.0,1.0995886119018157,-0.1298239154997502,0.9964244561723803
732,40,50,0.9,3.0,1.0984553927757896,-0.12714537781091934,0.9953232765075706
733,40,50,0.9,4.0,1.1062973706538184,-0.1361242368738339,0.9967787019699774
734,40,50,0.9,5.0,1.1096985245091664,-0.13756335744632864,0.9956086223575411
735,40,50,0.9,6.0,1.1092635511777516,-0.13531380718780905,0.9957328335408157
736,40,50,0.9,7.0,1.1124690883366548,-0.1400128709377843,0.9947230485599498
737,40,50,0.9,8.0,1.1050381418717719,-0.1289937400053923,0.9951780620985204
738,40,50,0.9,9.0,1.105379646013403,-0.1343560125174436,0.9957963164168457
739,40,50,0.9,10.0,1.1038927338507087,-0.1314496110340731,0.9953995102861869
740,40,50,0.95,1.0,1.0490197598221225,-0.0674639832570774,0.9972764148492557
741,40,50,0.95,2.0,1.0648944220434455,-0.06910781860334111,0.9964128502604387
742,40,50,0.95,3.0,1.0559640812167368,-0.05895721379190959,0.9962130505834368
743,40,50,0.95,4.0,1.0708988626393985,-0.07675095914789012,0.9968807989875602
744,40,50,0.95,5.0,1.064594189020087,-0.0692465940432779,0.996837022942545
745,40,50,0.95,6.0,1.0661369013893753,-0.06959977564231992,0.9965562861415155
746,40,50,0.95,7.0,1.0626771356795484,-0.06360633862633117,0.9961345078708794
747,40,50,0.95,8.0,1.065722794457328,-0.07384798945022415,0.9953259191785235
748,40,50,0.95,9.0,1.0714660186793468,-0.07352994707593019,0.9956662549950538
749,40,50,0.95,10.0,1.0764295944687288,-0.07872317081337925,0.9959312004310545
750,40,50,1.0,1.0,1.0082117394935068,0.0022998492028148965,0.9985581174169006
751,40,50,1.0,2.0,1.0297296106138742,-0.010332840233541274,0.997678122799116
752,40,50,1.0,3.0,1.025517003010697,-0.008044213905001207,0.9979165371203177
753,40,50,1.0,4.0,1.035005084422828,-0.015054871054035524,0.9971604645120188
754,40,50,1.0,5.0,1.029492963749742,-0.011177134876474893,0.9972128671253933
755,40,50,1.0,6.0,1.0285809891860886,-0.01081654857674751,0.9976795325013196
756,40,50,1.0,7.0,1.027250225922768,-0.009708723845179878,0.9976120163393996
757,40,50,1.0,8.0,1.029094633441525,-0.007628146717506867,0.9971970930988154
758,40,50,1.0,9.0,1.022014848511593,-0.005075654469926372,0.9974991547162327
759,40,50,1.0,10.0,1.0266178890616038,-0.0072060077076321226,0.9974163282383888
760,50,50,0.1,1.0,3.4353256991882555,-4.6265678261784355,0.9671141787467858
761,50,50,0.1,2.0,3.598989924058759,-4.833837200483799,0.9599433086909995
762,50,50,0.1,3.0,3.7527251880999843,-5.104687461892327,0.9567317315821956
763,50,50,0.1,4.0,3.9590945216484714,-5.367185373244723,0.966368827107879
764,50,50,0.1,5.0,4.0267949076434615,-5.434310085548281,0.9576250104829025
765,50,50,0.1,6.0,4.240224216240877,-5.683959290477316,0.9566733281368152
766,50,50,0.1,7.0,4.758965928007838,-6.561501921468661,0.9367436382477287
767,50,50,0.1,8.0,4.45782339994534,-6.031079530030944,0.963081997308455
768,50,50,0.1,9.0,4.921870340633637,-6.735505751151341,0.9580915545031973
769,50,50,0.1,10.0,4.9544755668855975,-6.822076660296351,0.9646259816332383
770,50,50,0.15,1.0,2.9700024896326758,-3.66619684711413,0.9712923924329383
771,50,50,0.15,2.0,2.7896324600491633,-3.3279617545505245,0.9646363805743509
772,50,50,0.15,3.0,2.8454910754108353,-3.407247394310366,0.9739468425268379
773,50,50,0.15,4.0,3.2899036439574916,-4.071954188197737,0.9724206595255437
774,50,50,0.15,5.0,3.3171450314761857,-4.058745770910223,0.9721676057527324
775,50,50,0.15,6.0,3.2887046368248627,-4.037253170742014,0.9727127287934427
776,50,50,0.15,7.0,3.2327146008920393,-3.9348685511053008,0.9688581810987624
777,50,50,0.15,8.0,3.5945233749970895,-4.479514427717262,0.9722523464936351
778,50,50,0.15,9.0,3.687316078474619,-4.650340545952764,0.9702180506102808
779,50,50,0.15,10.0,3.4991617984907473,-4.303214735015038,0.9678972952197457
780,50,50,0.2,1.0,2.605562526191375,-2.9014303944328934,0.9808469954747929
781,50,50,0.2,2.0,2.446552160747946,-2.6825221033023263,0.9780225888072233
782,50,50,0.2,3.0,2.5797247900948923,-2.8576697181480712,0.9753189969802458
783,50,50,0.2,4.0,2.6888942715639454,-3.002715001901009,0.9773209787656798
784,50,50,0.2,5.0,2.7576254139473475,-3.0896914557081816,0.9672204779169835
785,50,50,0.2,6.0,2.7935268781083193,-3.1235100189593346,0.9766592433319783
786,50,50,0.2,7.0,2.7013177032549747,-2.9808754385482708,0.9746519401273479
787,50,50,0.2,8.0,2.8898314320393323,-3.275475140886359,0.9783744250644688
788,50,50,0.2,9.0,2.933405718031285,-3.2976172956634486,0.982713710419987
789,50,50,0.2,10.0,2.8933010169572033,-3.2678858312236967,0.9836579049303904
790,50,50,0.25,1.0,2.2097749833637494,-2.2559263908459934,0.9813224642278019
791,50,50,0.25,2.0,2.248508666480607,-2.2828829285057126,0.984106106672653
792,50,50,0.25,3.0,2.3108523415823754,-2.3326839456865325,0.986009868382635
793,50,50,0.25,4.0,2.4270245677828783,-2.4927149127107695,0.9790896658919545
794,50,50,0.25,5.0,2.3712031142086007,-2.393385409122378,0.9822035583904561
795,50,50,0.25,6.0,2.451215324342913,-2.501672073006943,0.9873835327095364
796,50,50,0.25,7.0,2.420807800656954,-2.4538427123706414,0.9802608992412528
797,50,50,0.25,8.0,2.3779583441006826,-2.405899404869972,0.9834633384834071
798,50,50,0.25,9.0,2.5754403710472418,-2.6882424275353136,0.9822492442572786
799,50,50,0.25,10.0,2.621428056901174,-2.7349803839198263,0.9815870267074438
800,50,50,0.3,1.0,2.037412738517561,-1.893977906419305,0.9843468014624339
801,50,50,0.3,2.0,2.0660879231466023,-1.9129664133447577,0.9860064132231899
802,50,50,0.3,3.0,2.120647567539597,-1.9543167573268563,0.9873773920785689
803,50,50,0.3,4.0,2.21239107654246,-2.066826810383838,0.9864631701171607
804,50,50,0.3,5.0,2.260777811264897,-2.1464300229922397,0.982674430378219
805,50,50,0.3,6.0,2.2281239516809785,-2.0990070940364975,0.9839018613489772
806,50,50,0.3,7.0,2.2000222881048446,-2.074174039083915,0.9850725343209689
807,50,50,0.3,8.0,2.25853409121009,-2.1544324661942005,0.9845716192157775
808,50,50,0.3,9.0,2.0847898591215683,-1.9043486062592365,0.9850798648027956
809,50,50,0.3,10.0,2.3166120473014598,-2.1975983737833027,0.9838940470025292
810,50,50,0.35,1.0,1.8126262954674413,-1.5003996233728365,0.9888768394190542
811,50,50,0.35,2.0,1.8743666629098947,-1.5789631483386004,0.9891445993088333
812,50,50,0.35,3.0,1.9265975364240575,-1.6154067340950025,0.9900154106656732
813,50,50,0.35,4.0,2.028447686613254,-1.754194628455295,0.9851780659093994
814,50,50,0.35,5.0,1.9125232388506728,-1.6042650811108543,0.9867416106130051
815,50,50,0.35,6.0,2.035523929820347,-1.7661497762013678,0.9891734607811443
816,50,50,0.35,7.0,2.024744655920439,-1.7466415338523433,0.988786572208026
817,50,50,0.35,8.0,1.9887873081685057,-1.6678684910257158,0.9882365207971663
818,50,50,0.35,9.0,2.0263601978008725,-1.7343529981138714,0.9852101864091359
819,50,50,0.35,10.0,2.0156615313064328,-1.7277780047984233,0.9902112738509505
820,50,50,0.4,1.0,1.703363751240559,-1.292732241925437,0.9909320584824778
821,50,50,0.4,2.0,1.8167066426858085,-1.4074083797460561,0.9900276715221696
822,50,50,0.4,3.0,1.8262627492484846,-1.4162076747453003,0.9889671890289984
823,50,50,0.4,4.0,1.8103460263793214,-1.3957686666675697,0.9862343349498277
824,50,50,0.4,5.0,1.8285753905018425,-1.4178774936142235,0.9908601951097292
825,50,50,0.4,6.0,1.8412614009932557,-1.435232019667913,0.9882491831202704
826,50,50,0.4,7.0,1.8798959314104327,-1.4864410311422218,0.989782553424569
827,50,50,0.4,8.0,1.8133618357680927,-1.400997072077693,0.9872924864941808
828,50,50,0.4,9.0,1.8797537963876767,-1.478388160931829,0.9866261549415689
829,50,50,0.4,10.0,1.861400132194404,-1.4526385426753803,0.9887696978936857
830,50,50,0.45,1.0,1.632903875476408,-1.1289231818190038,0.9901135612361125
831,50,50,0.45,2.0,1.6171595184540937,-1.1050165051392655,0.9926809314682711
832,50,50,0.45,3.0,1.65452533400189,-1.1382630946061107,0.9915533695191326
833,50,50,0.45,4.0,1.736437923450667,-1.2193933715149672,0.9888302375465718
834,50,50,0.45,5.0,1.7146361978800013,-1.1946091348886019,0.9899843016095187
835,50,50,0.45,6.0,1.7281080609847987,-1.221987318582173,0.990959615800233
836,50,50,0.45,7.0,1.7410871430082515,-1.2352122930075933,0.9895409376402597
837,50,50,0.45,8.0,1.7225430704276952,-1.2112161895915332,0.9881789725060799
838,50,50,0.45,9.0,1.7083922397082993,-1.1880888106471947,0.9916803117533112
839,50,50,0.45,10.0,1.7178925569813384,-1.2088087181966851,0.99062694734593
840,50,50,0.5,1.0,1.5117788059545485,-0.9313197693890493,0.9935413544508706
841,50,50,0.5,2.0,1.564504899904763,-0.9710663413629558,0.9920262615624269
842,50,50,0.5,3.0,1.5579350288233424,-0.9580732020138424,0.9921798665066526
843,50,50,0.5,4.0,1.6218437139616537,-1.0366741854199495,0.9906592359815589
844,50,50,0.5,5.0,1.5963719619867753,-0.999428942145847,0.9904110142578485
845,50,50,0.5,6.0,1.5818913796078997,-0.989064485962315,0.9918971429171932
846,50,50,0.5,7.0,1.6202094580961508,-1.03702723041222,0.9900635077973525
847,50,50,0.5,8.0,1.6139322915292258,-1.0266498442886238,0.9917069650799706
848,50,50,0.5,9.0,1.5987229726452759,-1.0022310674992536,0.99160467203174
849,50,50,0.5,10.0,1.6178368114865045,-1.0236019360925777,0.9899153161971841
850,50,50,0.55,1.0,1.4554214327778894,-0.8013440664649455,0.9931410781198124
851,50,50,0.55,2.0,1.5137114913228713,-0.8596709164364228,0.9926396968977669
852,50,50,0.55,3.0,1.5279409666497037,-0.8752776562963023,0.9911812953780883
853,50,50,0.55,4.0,1.5148676740349063,-0.843317924512422,0.9942454868016496
854,50,50,0.55,5.0,1.5040959631446147,-0.8511788950769763,0.993309540085162
855,50,50,0.55,6.0,1.5306131531278666,-0.8676730039975172,0.9918227969427962
856,50,50,0.55,7.0,1.5188993992867104,-0.8443489082763203,0.99276229367821
857,50,50,0.55,8.0,1.5329108875962163,-0.877968456622949,0.9923881937252702
858,50,50,0.55,9.0,1.5302497639406616,-0.8660949815790037,0.9920792766064
859,50,50,0.55,10.0,1.5417970520467945,-0.8734787162203459,0.9919707176138608
860,50,50,0.6,1.0,1.3534601383387874,-0.6451046206041766,0.9944822259218817
861,50,50,0.6,2.0,1.3926985286409366,-0.6668658246307521,0.9925028179031681
862,50,50,0.6,3.0,1.440606539572477,-0.7260159079711244,0.9945520787933292
863,50,50,0.6,4.0,1.454957241522027,-0.7290095302229652,0.993522748759653
864,50,50,0.6,5.0,1.445894500012591,-0.7235123397104628,0.9936825807887942
865,50,50,0.6,6.0,1.4565885897160527,-0.7325343226275175,0.993149812342746
866,50,50,0.6,7.0,1.4466477365225034,-0.7236340645487832,0.9924381513201321
867,50,50,0.6,8.0,1.456307742889888,-0.7265242823956612,0.9937620188758866
868,50,50,0.6,9.0,1.4309819085545952,-0.7099891495652197,0.9933654001282284
869,50,50,0.6,10.0,1.4472698590385293,-0.7186988538030583,0.9926565786863966
870,50,50,0.65,1.0,1.3464880027839061,-0.5853540397343754,0.9946273591602287
871,50,50,0.65,2.0,1.3660915269632528,-0.5816934332224525,0.9936878137831353
872,50,50,0.65,3.0,1.3426823195041977,-0.5659603773491448,0.9939002439221014
873,50,50,0.65,4.0,1.3711409247608888,-0.5932497339796642,0.9934420221359724
874,50,50,0.65,5.0,1.3526735742764466,-0.5854701193200875,0.9933475044852909
875,50,50,0.65,6.0,1.3716791973526878,-0.5897751528373967,0.994532476279046
876,50,50,0.65,7.0,1.3829209551436334,-0.6084358435216298,0.9948427000473521
877,50,50,0.65,8.0,1.3622056012592814,-0.5862302968274495,0.9933271336175832
878,50,50,0.65,9.0,1.3705640748143035,-0.5891724066558495,0.9941523975211879
879,50,50,0.65,10.0,1.3710020784345893,-0.5906095694930333,0.994108051075673
880,50,50,0.7,1.0,1.2512653641393094,-0.4359794283982345,0.9946236712895169
881,50,50,0.7,2.0,1.2925723030989513,-0.4783604574398077,0.9934034870766795
882,50,50,0.7,3.0,1.3192122686499643,-0.4983238634454622,0.995773772463217
883,50,50,0.7,4.0,1.3158624975226616,-0.4925407627887832,0.9941463354801673
884,50,50,0.7,5.0,1.3120978180058018,-0.48540267325439457,0.9937818974902474
885,50,50,0.7,6.0,1.3202457427925778,-0.5017766906794117,0.9944959976380418
886,50,50,0.7,7.0,1.2943212759584735,-0.46591353448454775,0.9954728440544592
887,50,50,0.7,8.0,1.317175086027848,-0.49501339319937576,0.9935658039344488
888,50,50,0.7,9.0,1.3155118789080875,-0.4985798932205066,0.9950999180351492
889,50,50,0.7,10.0,1.3230610685090958,-0.49401343226221267,0.9945418320629574
890,50,50,0.75,1.0,1.2360841240128886,-0.3846427007412564,0.9948127582919509
891,50,50,0.75,2.0,1.2358466303040803,-0.3777410430333324,0.9952222156388215
892,50,50,0.75,3.0,1.2691505025100127,-0.4124025269365467,0.9949849716586414
893,50,50,0.75,4.0,1.2463159880000139,-0.38306507341900564,0.9945586260042963
894,50,50,0.75,5.0,1.248343099696838,-0.37813373091778363,0.9959697784506611
895,50,50,0.75,6.0,1.259696918952756,-0.3918773781647663,0.995331844588186
896,50,50,0.75,7.0,1.2462538681095334,-0.3827304667739328,0.995562574846185
897,50,50,0.75,8.0,1.2427845312107295,-0.37583914183440503,0.9956103074058145
898,50,50,0.75,9.0,1.254655354564319,-0.3934154739330095,0.9956637813096592
899,50,50,0.75,10.0,1.2524807258731807,-0.3867302606105996,0.9948345186086872
900,50,50,0.8,1.0,1.1609735737950384,-0.27204724800922003,0.9958534085347399
901,50,50,0.8,2.0,1.1863478493827457,-0.29061498765618554,0.9955000250753526
902,50,50,0.8,3.0,1.1972170443892445,-0.2909478077229057,0.9956898647076295
903,50,50,0.8,4.0,1.1911104057108295,-0.2940150020440866,0.9950418820623506
904,50,50,0.8,5.0,1.1908171516278903,-0.28955543523591953,0.9958679157573972
905,50,50,0.8,6.0,1.2007493709470942,-0.29583660983194593,0.9956521233388165
906,50,50,0.8,7.0,1.1951582728414312,-0.28907249666184087,0.9952087748133966
907,50,50,0.8,8.0,1.204822621300956,-0.30400734414512653,0.9955618102222662
908,50,50,0.8,9.0,1.1827898575246227,-0.28246475839435536,0.9942492185085359
909,50,50,0.8,10.0,1.207830847469154,-0.3098081589585192,0.9948327661965785
910,50,50,0.85,1.0,1.1336786945011916,-0.20670834395040544,0.9968567600642351
911,50,50,0.85,2.0,1.1448423250173734,-0.21184974802934226,0.996583147581634
912,50,50,0.85,3.0,1.1460069039626921,-0.2116038139093876,0.9961092529191979
913,50,50,0.85,4.0,1.1437440442922848,-0.2074257421147569,0.9953124120228145
914,50,50,0.85,5.0,1.1374211968026244,-0.20112557486628413,0.995878827117559
915,50,50,0.85,6.0,1.1503949049160975,-0.21281672197882542,0.9959039000818727
916,50,50,0.85,7.0,1.141483969920047,-0.20926660848832945,0.9967707347225865
917,50,50,0.85,8.0,1.1472071964902626,-0.21694632221679422,0.9959974963431388
918,50,50,0.85,9.0,1.153341310331615,-0.22042172413312552,0.996332458723501
919,50,50,0.85,10.0,1.153346783214892,-0.21898146028044022,0.9966030799175207
920,50,50,0.9,1.0,1.079633949183925,-0.12602061800864778,0.9969998914777511
921,50,50,0.9,2.0,1.0970700109204556,-0.1354965024597727,0.996712816343738
922,50,50,0.9,3.0,1.1063469703368025,-0.1408720721490324,0.9962880038041693
923,50,50,0.9,4.0,1.095702901991586,-0.13233234624066545,0.996882289418959
924,50,50,0.9,5.0,1.112220488290971,-0.1457391206398458,0.9970590538740183
925,50,50,0.9,6.0,1.1000851614436076,-0.13151102990956276,0.9963756423201536
926,50,50,0.9,7.0,1.096775015491691,-0.1303725486132054,0.9967770373968747
927,50,50,0.9,8.0,1.1015071429542487,-0.13520477502959377,0.9961402362656147
928,50,50,0.9,9.0,1.1060224193330659,-0.13894661809962666,0.9969694305528701
929,50,50,0.9,10.0,1.1030717807665238,-0.1377277818390458,0.9970314050806659
930,50,50,0.95,1.0,1.0448708059588199,-0.06095916416821014,0.9977473551512255
931,50,50,0.95,2.0,1.0569982631839192,-0.06820785139706728,0.9972129903318929
932,50,50,0.95,3.0,1.0596233142323837,-0.06565594336035276,0.9971914921017628
933,50,50,0.95,4.0,1.0567852122554036,-0.06478722044500461,0.9975194094008082
934,50,50,0.95,5.0,1.0672810719158234,-0.07588695019486716,0.997550361894833
935,50,50,0.95,6.0,1.053597243347755,-0.06300522532950255,0.997283837027106
936,50,50,0.95,7.0,1.0655028010608782,-0.07296509063104224,0.997249736179859
937,50,50,0.95,8.0,1.0610032594694672,-0.06973333566948804,0.9973770204207764
938,50,50,0.95,9.0,1.0506225212530738,-0.06076844543158022,0.9977005076246026
939,50,50,0.95,10.0,1.0665063257182406,-0.07546572305258017,0.9970547391629481
940,50,50,1.0,1.0,1.0085519509265066,8.97603514265044e-05,0.9991002785912851
941,50,50,1.0,2.0,1.021216315953923,-0.00649374794446359,0.998351908630329
942,50,50,1.0,3.0,1.0210521852001686,-0.004077413558144704,0.9983715056397063
943,50,50,1.0,4.0,1.025785098308884,-0.007474933628381997,0.9978423969560897
944,50,50,1.0,5.0,1.021417924946872,-0.004945159979973512,0.9983314541154421
945,50,50,1.0,6.0,1.0256034447088371,-0.0062370251226515185,0.9980830911592141
946,50,50,1.0,7.0,1.0235911473071306,-0.00683811818432023,0.9983486608517366
947,50,50,1.0,8.0,1.0227833147075627,-0.002386419725142741,0.9983101601567634
948,50,50,1.0,9.0,1.024373755167551,-0.007547159850754326,0.9986381899942616
949,50,50,1.0,10.0,1.0290076300246647,-0.008826999123878475,0.9983508371879373
